{
	"name":"callIns",
	"cells": [
		{"x":1536,"y":1200,"w":112,"h":300,"filename": "vehBomber_base_1.png"},
		{"x":1648,"y":1200,"w":112,"h":300},
		{"x":1760,"y":1200,"w":112,"h":300},

		{"x":1536,"y":900,"w":112,"h":300,"filename": "vehBomber_base_2.png"},
		{"x":1648,"y":900,"w":112,"h":300},
		{"x":1760,"y":900,"w":112,"h":300},

		{"x":1536,"y":600,"w":112,"h":300,"filename": "vehBomber_base_3.png"},
		{"x":1648,"y":600,"w":112,"h":300},
		{"x":1760,"y":600,"w":112,"h":300},

		{"x":1536,"y":300,"w":112,"h":300,"filename": "vehBomber_base_4.png"},
		{"x":1648,"y":300,"w":112,"h":300},
		{"x":1760,"y":300,"w":112,"h":300},

		{"x":1536,"y":0,"w":112,"h":300,"filename": "vehBomber_base_5Half.png"},
		{"x":1648,"y":0,"w":112,"h":300},
		{"x":1760,"y":0,"w":112,"h":300},
		
		{"x":768,"y":768,"w":128,"h":256,"filename": "vehHelo_base_1.png"},
		{"x":896,"y":768,"w":128,"h":256},
		{"x":1024,"y":768,"w":128,"h":256},
		{"x":1152,"y":768,"w":128,"h":256},
		{"x":1280,"y":768,"w":128,"h":256},
		{"x":1408,"y":768,"w":128,"h":256},
		
		{"x":768,"y":1024,"w":128,"h":256},
		{"x":896,"y":1024,"w":128,"h":256},
		{"x":1024,"y":1024,"w":128,"h":256},
		{"x":1152,"y":1024,"w":128,"h":256},
		{"x":1280,"y":1024,"w":128,"h":256},
		{"x":1408,"y":1024,"w":128,"h":256},
		
		{"x":768,"y":1280,"w":128,"h":256},
		{"x":896,"y":1280,"w":128,"h":256},
		{"x":1024,"y":1280,"w":128,"h":256},
		{"x":1152,"y":1280,"w":128,"h":256},
		{"x":1280,"y":1280,"w":128,"h":256},
		{"x":1408,"y":1280,"w":128,"h":256},

		{"x":768,"y":0,"w":128,"h":256,"filename": "vehHelo_base_2.png"},
		{"x":896,"y":0,"w":128,"h":256},
		{"x":1024,"y":0,"w":128,"h":256},
		{"x":1152,"y":0,"w":128,"h":256},
		{"x":1280,"y":0,"w":128,"h":256},
		{"x":1408,"y":0,"w":128,"h":256},
		
		{"x":768,"y":256,"w":128,"h":256},
		{"x":896,"y":256,"w":128,"h":256},
		{"x":1024,"y":256,"w":128,"h":256},
		{"x":1152,"y":256,"w":128,"h":256},
		{"x":1280,"y":256,"w":128,"h":256},
		{"x":1408,"y":256,"w":128,"h":256},
		
		{"x":768,"y":512,"w":128,"h":256},
		{"x":896,"y":512,"w":128,"h":256},
		{"x":1024,"y":512,"w":128,"h":256},
		{"x":1152,"y":512,"w":128,"h":256},
		{"x":1280,"y":512,"w":128,"h":256},
		{"x":1408,"y":512,"w":128,"h":256},

		{"x":0,"y":768,"w":128,"h":256,"filename": "vehHelo_base_3.png"},
		{"x":128,"y":768,"w":128,"h":256},
		{"x":256,"y":768,"w":128,"h":256},
		{"x":384,"y":768,"w":128,"h":256},
		{"x":512,"y":768,"w":128,"h":256},
		{"x":640,"y":768,"w":128,"h":256},

		{"x":0,"y":1024,"w":128,"h":256},
		{"x":128,"y":1024,"w":128,"h":256},
		{"x":256,"y":1024,"w":128,"h":256},
		{"x":384,"y":1024,"w":128,"h":256},
		{"x":512,"y":1024,"w":128,"h":256},
		{"x":640,"y":1024,"w":128,"h":256},

		{"x":0,"y":1280,"w":128,"h":256},
		{"x":128,"y":1280,"w":128,"h":256},
		{"x":256,"y":1280,"w":128,"h":256},
		{"x":384,"y":1280,"w":128,"h":256},
		{"x":512,"y":1280,"w":128,"h":256},
		{"x":640,"y":1280,"w":128,"h":256},

		{"x":0,"y":0,"w":128,"h":256,"filename": "vehHelo_base_4.png"},
		{"x":128,"y":0,"w":128,"h":256},
		{"x":256,"y":0,"w":128,"h":256},
		{"x":384,"y":0,"w":128,"h":256},
		{"x":512,"y":0,"w":128,"h":256},
		{"x":640,"y":0,"w":128,"h":256},

		{"x":0,"y":256,"w":128,"h":256},
		{"x":128,"y":256,"w":128,"h":256},
		{"x":256,"y":256,"w":128,"h":256},
		{"x":384,"y":256,"w":128,"h":256},
		{"x":512,"y":256,"w":128,"h":256},
		{"x":640,"y":256,"w":128,"h":256},

		{"x":0,"y":512,"w":128,"h":256},
		{"x":128,"y":512,"w":128,"h":256},
		{"x":256,"y":512,"w":128,"h":256},
		{"x":384,"y":512,"w":128,"h":256},
		{"x":512,"y":512,"w":128,"h":256},
		{"x":640,"y":512,"w":128,"h":256},

		{"x":1872,"y":160,"w":15,"h":30,"filename": "vehHelo_Turret.png"},
		{"x":1872,"y":120,"w":16,"h":40,"filename": "vehHelo_turret_1.png"},
		{"x":1872,"y":80,"w":16,"h":40,"filename": "vehHelo_turret_2.png"},
		{"x":1872,"y":40,"w":16,"h":40,"filename": "vehHelo_turret_3.png"},
		{"x":1872,"y":0,"w":16,"h":40,"filename": "vehHelo_turret_4.png"}
	],

	"sequences" : [
		{
			"name":"bomber_1",
			"cells":[0, 1, 2],
			"loop":false,
			"speed":0.1
		},
		{
			"name":"bomber_2",
			"cells":[3, 4, 5],
			"loop":false,
			"speed":0.1
		},
		{
			"name":"bomber_3",
			"cells":[6, 7, 8],
			"loop":false,
			"speed":0.1
		},
		{
			"name":"bomber_4",
			"cells":[9, 10, 11],
			"loop":false,
			"speed":0.1
		},
		{
			"name":"dropper",
			"cells":[12, 13, 14],
			"loop":false,
			"speed":0.1
		},
		{
			"name":"heli_1_anim_in",
			"cells":[16, 17, 18, 19, 20],
			"loop":false,
			"speed":0.1
		},
		{
			"name":"heli_1_open_doors",
			"cells":[21, 22, 23],
			"loop":false,
			"speed":0.1
		},
		{
			"name":"heli_1_close_doors",
			"cells":[24, 25, 26],
			"loop":false,
			"speed":0.1
		},
		{
			"name":"heli_1_anim_out",
			"cells":[27, 28, 29, 30, 31, 32],
			"loop":false,
			"speed":0.1
		},

		{
			"name":"heli_2_anim_in",
			"cells":[34, 35, 36, 37, 38],
			"loop":false,
			"speed":0.1
		},
		{
			"name":"heli_2_open_doors",
			"cells":[39, 40, 41],
			"loop":false,
			"speed":0.1
		},
		{
			"name":"heli_2_close_doors",
			"cells":[42, 43, 44],
			"loop":false,
			"speed":0.1
		},
		{
			"name":"heli_2_anim_out",
			"cells":[45, 46, 47, 48, 49, 50],
			"loop":false,
			"speed":0.1
		},

		{
			"name":"heli_3_anim_in",
			"cells":[52, 53, 54, 55, 56],
			"loop":false,
			"speed":0.1
		},
		{
			"name":"heli_3_open_doors",
			"cells":[57, 58, 59],
			"loop":false,
			"speed":0.1
		},
		{
			"name":"heli_3_close_doors",
			"cells":[60, 61, 62],
			"loop":false,
			"speed":0.1
		},
		{
			"name":"heli_3_anim_out",
			"cells":[63, 64, 65, 66, 67, 68],
			"loop":false,
			"speed":0.1
		},

		{
			"name":"heli_4_anim_in",
			"cells":[70, 71, 72, 73, 74],
			"loop":false,
			"speed":0.1
		},
		{
			"name":"heli_4_open_doors",
			"cells":[75, 76, 77],
			"loop":false,
			"speed":0.1
		},
		{
			"name":"heli_4_close_doors",
			"cells":[78, 79, 80],
			"loop":false,
			"speed":0.1
		},
		{
			"name":"heli_4_anim_out",
			"cells":[81, 82, 83, 84, 85, 86],
			"loop":false,
			"speed":0.1
		}
	]
}

