{
	"name":"consoleButtons",
	"cells": [
		{"x":400,"y":1200,"w":100,"h":50,"filename": "btnConsole_UPGRADE.png"},
		{"x":500,"y":1200,"w":100,"h":50},
		{"x":600,"y":1200,"w":100,"h":50},
		{"x":700,"y":1200,"w":100,"h":50},
		{"x":800,"y":1200,"w":100,"h":50},
		{"x":900,"y":1200,"w":100,"h":50},

		{"x":400,"y":1250,"w":100,"h":50},
		{"x":500,"y":1250,"w":100,"h":50},
		{"x":600,"y":1250,"w":100,"h":50},
		{"x":700,"y":1250,"w":100,"h":50},
		{"x":800,"y":1250,"w":100,"h":50},
		{"x":900,"y":1250,"w":100,"h":50},

		{"x":400,"y":1300,"w":100,"h":50},
		{"x":500,"y":1300,"w":100,"h":50},
		{"x":600,"y":1300,"w":100,"h":50},
		{"x":700,"y":1300,"w":100,"h":50},
		{"x":800,"y":1300,"w":100,"h":50},
		{"x":900,"y":1300,"w":100,"h":50},

		{"x":1000,"y":1200,"w":200,"h":64,"filename": "btnConsole_unitText_misc.png"},
		{"x":1000,"y":1264,"w":200,"h":64},
		{"x":1000,"y":1328,"w":200,"h":64},
		{"x":1000,"y":1392,"w":200,"h":64},
		{"x":1000,"y":1456,"w":200,"h":64},
		{"x":1000,"y":1520,"w":200,"h":64},
		
		{"x":0,"y":1200,"w":200,"h":64,"filename": "btnConsole_unitText_unit.png"},
		{"x":200,"y":1200,"w":200,"h":64},
		{"x":0,"y":1264,"w":200,"h":64},
		{"x":200,"y":1264,"w":200,"h":64},
		{"x":0,"y":1328,"w":200,"h":64},
		{"x":200,"y":1328,"w":200,"h":64},
		{"x":0,"y":1392,"w":200,"h":64},
		{"x":200,"y":1392,"w":200,"h":64},
		{"x":0,"y":1456,"w":200,"h":64},
		{"x":200,"y":1456,"w":200,"h":64},
		{"x":0,"y":1520,"w":200,"h":64},
		{"x":200,"y":1520,"w":200,"h":64},
		
		{"x":1200,"y":1292,"w":92,"h":92,"filename": "btnConsole_units_1.png"},
		{"x":1292,"y":1292,"w":92,"h":92},
		{"x":1384,"y":1292,"w":92,"h":92},
		{"x":1476,"y":1292,"w":92,"h":92},
		{"x":1568,"y":1292,"w":92,"h":92},
		{"x":1660,"y":1292,"w":92,"h":92},
				
		{"x":1200,"y":1200,"w":92,"h":92,"filename": "btnConsole_units_2.png"},
		{"x":1292,"y":1200,"w":92,"h":92},
		{"x":1384,"y":1200,"w":92,"h":92},
		{"x":1476,"y":1200,"w":92,"h":92},
		{"x":1568,"y":1200,"w":92,"h":92},
		{"x":1660,"y":1200,"w":92,"h":92},
		
		{"x":400,"y":1442,"w":92,"h":92,"filename": "btnConsole_units_3.png"},
		{"x":492,"y":1442,"w":92,"h":92},
		{"x":584,"y":1442,"w":92,"h":92},
		{"x":676,"y":1442,"w":92,"h":92},
		{"x":768,"y":1442,"w":92,"h":92},
		{"x":860,"y":1442,"w":92,"h":92},

		{"x":400,"y":1350,"w":92,"h":92,"filename": "btnConsole_units_4.png"},
		{"x":492,"y":1350,"w":92,"h":92},
		{"x":584,"y":1350,"w":92,"h":92},
		{"x":676,"y":1350,"w":92,"h":92},
		{"x":768,"y":1350,"w":92,"h":92},
		{"x":860,"y":1350,"w":92,"h":92},
		
		{"x":960,"y":900,"w":80,"h":100,"filename": "btnTroopType_barr_1.png"},
		{"x":1040,"y":900,"w":80,"h":100},
		{"x":1120,"y":900,"w":80,"h":100},
		{"x":1200,"y":900,"w":80,"h":100},
		{"x":1280,"y":900,"w":80,"h":100},
		{"x":1360,"y":900,"w":80,"h":100},
		{"x":1440,"y":900,"w":80,"h":100},
		{"x":1520,"y":900,"w":80,"h":100},
		{"x":1600,"y":900,"w":80,"h":100},
		{"x":1680,"y":900,"w":80,"h":100},
		{"x":1760,"y":900,"w":80,"h":100},
		{"x":1840,"y":900,"w":80,"h":100},
		
		{"x":960,"y":1000,"w":80,"h":100},
		{"x":1040,"y":1000,"w":80,"h":100},
		{"x":1120,"y":1000,"w":80,"h":100},
		{"x":1200,"y":1000,"w":80,"h":100},
		{"x":1280,"y":1000,"w":80,"h":100},
		{"x":1360,"y":1000,"w":80,"h":100},
		{"x":1440,"y":1000,"w":80,"h":100},
		{"x":1520,"y":1000,"w":80,"h":100},
		{"x":1600,"y":1000,"w":80,"h":100},
		{"x":1680,"y":1000,"w":80,"h":100},
		{"x":1760,"y":1000,"w":80,"h":100},
		{"x":1840,"y":1000,"w":80,"h":100},
		
		{"x":960,"y":1100,"w":80,"h":100},
		{"x":1040,"y":1100,"w":80,"h":100},
		{"x":1120,"y":1100,"w":80,"h":100},
		{"x":1200,"y":1100,"w":80,"h":100},
		{"x":1280,"y":1100,"w":80,"h":100},
		{"x":1360,"y":1100,"w":80,"h":100},
		{"x":1440,"y":1100,"w":80,"h":100},
		{"x":1520,"y":1100,"w":80,"h":100},
		{"x":1600,"y":1100,"w":80,"h":100},
		{"x":1680,"y":1100,"w":80,"h":100},
		{"x":1760,"y":1100,"w":80,"h":100},
		{"x":1840,"y":1100,"w":80,"h":100},
		
		{"x":0,"y":900,"w":80,"h":100,"filename": "btnTroopType_barr_2.png"},
		{"x":80,"y":900,"w":80,"h":100},
		{"x":160,"y":900,"w":80,"h":100},
		{"x":240,"y":900,"w":80,"h":100},
		{"x":320,"y":900,"w":80,"h":100},
		{"x":400,"y":900,"w":80,"h":100},
		{"x":480,"y":900,"w":80,"h":100},
		{"x":560,"y":900,"w":80,"h":100},
		{"x":640,"y":900,"w":80,"h":100},
		{"x":720,"y":900,"w":80,"h":100},
		{"x":800,"y":900,"w":80,"h":100},
		{"x":880,"y":900,"w":80,"h":100},
		
		{"x":0,"y":1000,"w":80,"h":100},
		{"x":80,"y":1000,"w":80,"h":100},
		{"x":160,"y":1000,"w":80,"h":100},
		{"x":240,"y":1000,"w":80,"h":100},
		{"x":320,"y":1000,"w":80,"h":100},
		{"x":400,"y":1000,"w":80,"h":100},
		{"x":480,"y":1000,"w":80,"h":100},
		{"x":560,"y":1000,"w":80,"h":100},
		{"x":640,"y":1000,"w":80,"h":100},
		{"x":720,"y":1000,"w":80,"h":100},
		{"x":800,"y":1000,"w":80,"h":100},
		{"x":880,"y":1000,"w":80,"h":100},
		
		{"x":0,"y":1100,"w":80,"h":100},
		{"x":80,"y":1100,"w":80,"h":100},
		{"x":160,"y":1100,"w":80,"h":100},
		{"x":240,"y":1100,"w":80,"h":100},
		{"x":320,"y":1100,"w":80,"h":100},
		{"x":400,"y":1100,"w":80,"h":100},
		{"x":480,"y":1100,"w":80,"h":100},
		{"x":560,"y":1100,"w":80,"h":100},
		{"x":640,"y":1100,"w":80,"h":100},
		{"x":720,"y":1100,"w":80,"h":100},
		{"x":800,"y":1100,"w":80,"h":100},
		{"x":880,"y":1100,"w":80,"h":100},
		
		{"x":960,"y":600,"w":80,"h":100,"filename": "btnTroopType_barr_3.png"},
		{"x":1040,"y":600,"w":80,"h":100},
		{"x":1120,"y":600,"w":80,"h":100},
		{"x":1200,"y":600,"w":80,"h":100},
		{"x":1280,"y":600,"w":80,"h":100},
		{"x":1360,"y":600,"w":80,"h":100},
		{"x":1440,"y":600,"w":80,"h":100},
		{"x":1520,"y":600,"w":80,"h":100},
		{"x":1600,"y":600,"w":80,"h":100},
		{"x":1680,"y":600,"w":80,"h":100},
		{"x":1760,"y":600,"w":80,"h":100},
		{"x":1840,"y":600,"w":80,"h":100},
		
		{"x":960,"y":700,"w":80,"h":100},
		{"x":1040,"y":700,"w":80,"h":100},
		{"x":1120,"y":700,"w":80,"h":100},
		{"x":1200,"y":700,"w":80,"h":100},
		{"x":1280,"y":700,"w":80,"h":100},
		{"x":1360,"y":700,"w":80,"h":100},
		{"x":1440,"y":700,"w":80,"h":100},
		{"x":1520,"y":700,"w":80,"h":100},
		{"x":1600,"y":700,"w":80,"h":100},
		{"x":1680,"y":700,"w":80,"h":100},
		{"x":1760,"y":700,"w":80,"h":100},
		{"x":1840,"y":700,"w":80,"h":100},
		
		{"x":960,"y":800,"w":80,"h":100},
		{"x":1040,"y":800,"w":80,"h":100},
		{"x":1120,"y":800,"w":80,"h":100},
		{"x":1200,"y":800,"w":80,"h":100},
		{"x":1280,"y":800,"w":80,"h":100},
		{"x":1360,"y":800,"w":80,"h":100},
		{"x":1440,"y":800,"w":80,"h":100},
		{"x":1520,"y":800,"w":80,"h":100},
		{"x":1600,"y":800,"w":80,"h":100},
		{"x":1680,"y":800,"w":80,"h":100},
		{"x":1760,"y":800,"w":80,"h":100},
		{"x":1840,"y":800,"w":80,"h":100},

		{"x":0,"y":600,"w":80,"h":100,"filename": "btnTroopType_barr_4.png"},
		{"x":80,"y":600,"w":80,"h":100},
		{"x":160,"y":600,"w":80,"h":100},
		{"x":240,"y":600,"w":80,"h":100},
		{"x":320,"y":600,"w":80,"h":100},
		{"x":400,"y":600,"w":80,"h":100},
		{"x":480,"y":600,"w":80,"h":100},
		{"x":560,"y":600,"w":80,"h":100},
		{"x":640,"y":600,"w":80,"h":100},
		{"x":720,"y":600,"w":80,"h":100},
		{"x":800,"y":600,"w":80,"h":100},
		{"x":880,"y":600,"w":80,"h":100},

		{"x":0,"y":700,"w":80,"h":100},
		{"x":80,"y":700,"w":80,"h":100},
		{"x":160,"y":700,"w":80,"h":100},
		{"x":240,"y":700,"w":80,"h":100},
		{"x":320,"y":700,"w":80,"h":100},
		{"x":400,"y":700,"w":80,"h":100},
		{"x":480,"y":700,"w":80,"h":100},
		{"x":560,"y":700,"w":80,"h":100},
		{"x":640,"y":700,"w":80,"h":100},
		{"x":720,"y":700,"w":80,"h":100},
		{"x":800,"y":700,"w":80,"h":100},
		{"x":880,"y":700,"w":80,"h":100},

		{"x":0,"y":800,"w":80,"h":100},
		{"x":80,"y":800,"w":80,"h":100},
		{"x":160,"y":800,"w":80,"h":100},
		{"x":240,"y":800,"w":80,"h":100},
		{"x":320,"y":800,"w":80,"h":100},
		{"x":400,"y":800,"w":80,"h":100},
		{"x":480,"y":800,"w":80,"h":100},
		{"x":560,"y":800,"w":80,"h":100},
		{"x":640,"y":800,"w":80,"h":100},
		{"x":720,"y":800,"w":80,"h":100},
		{"x":800,"y":800,"w":80,"h":100},
		{"x":880,"y":800,"w":80,"h":100},

		{"x":1520,"y":1484,"w":80,"h":100,"filename": "btnTroopType_fact_1.png"},
		{"x":1600,"y":1484,"w":80,"h":100},
		{"x":1680,"y":1484,"w":80,"h":100},
		{"x":1760,"y":1484,"w":80,"h":100},

		{"x":1520,"y":1384,"w":80,"h":100,"filename": "btnTroopType_fact_2.png"},
		{"x":1600,"y":1384,"w":80,"h":100},
		{"x":1680,"y":1384,"w":80,"h":100},
		{"x":1760,"y":1384,"w":80,"h":100},

		{"x":1200,"y":1484,"w":80,"h":100,"filename": "btnTroopType_fact_3.png"},
		{"x":1280,"y":1484,"w":80,"h":100},
		{"x":1360,"y":1484,"w":80,"h":100},
		{"x":1440,"y":1484,"w":80,"h":100},

		{"x":1200,"y":1384,"w":80,"h":100,"filename": "btnTroopType_fact_4.png"},
		{"x":1280,"y":1384,"w":80,"h":100},
		{"x":1360,"y":1384,"w":80,"h":100},
		{"x":1440,"y":1384,"w":80,"h":100},
		
		{"x":960,"y":300,"w":80,"h":100,"filename": "btnTroopType_mech_1.png"},
		{"x":1040,"y":300,"w":80,"h":100},
		{"x":1120,"y":300,"w":80,"h":100},
		{"x":1200,"y":300,"w":80,"h":100},
		{"x":1280,"y":300,"w":80,"h":100},
		{"x":1360,"y":300,"w":80,"h":100},
		{"x":1440,"y":300,"w":80,"h":100},
		{"x":1520,"y":300,"w":80,"h":100},
		{"x":1600,"y":300,"w":80,"h":100},
		{"x":1680,"y":300,"w":80,"h":100},
		{"x":1760,"y":300,"w":80,"h":100},
		{"x":1840,"y":300,"w":80,"h":100},
		
		{"x":960,"y":400,"w":80,"h":100},
		{"x":1040,"y":400,"w":80,"h":100},
		{"x":1120,"y":400,"w":80,"h":100},
		{"x":1200,"y":400,"w":80,"h":100},
		{"x":1280,"y":400,"w":80,"h":100},
		{"x":1360,"y":400,"w":80,"h":100},
		{"x":1440,"y":400,"w":80,"h":100},
		{"x":1520,"y":400,"w":80,"h":100},
		{"x":1600,"y":400,"w":80,"h":100},
		{"x":1680,"y":400,"w":80,"h":100},
		{"x":1760,"y":400,"w":80,"h":100},
		{"x":1840,"y":400,"w":80,"h":100},
		
		{"x":960,"y":500,"w":80,"h":100},
		{"x":1040,"y":500,"w":80,"h":100},
		{"x":1120,"y":500,"w":80,"h":100},
		{"x":1200,"y":500,"w":80,"h":100},
		{"x":1280,"y":500,"w":80,"h":100},
		{"x":1360,"y":500,"w":80,"h":100},
		{"x":1440,"y":500,"w":80,"h":100},
		{"x":1520,"y":500,"w":80,"h":100},
		{"x":1600,"y":500,"w":80,"h":100},
		{"x":1680,"y":500,"w":80,"h":100},
		{"x":1760,"y":500,"w":80,"h":100},
		{"x":1840,"y":500,"w":80,"h":100},
		
		{"x":0,"y":300,"w":80,"h":100,"filename": "btnTroopType_mech_2.png"},
		{"x":80,"y":300,"w":80,"h":100},
		{"x":160,"y":300,"w":80,"h":100},
		{"x":240,"y":300,"w":80,"h":100},
		{"x":320,"y":300,"w":80,"h":100},
		{"x":400,"y":300,"w":80,"h":100},
		{"x":480,"y":300,"w":80,"h":100},
		{"x":560,"y":300,"w":80,"h":100},
		{"x":640,"y":300,"w":80,"h":100},
		{"x":720,"y":300,"w":80,"h":100},
		{"x":800,"y":300,"w":80,"h":100},
		{"x":880,"y":300,"w":80,"h":100},
		
		{"x":0,"y":400,"w":80,"h":100},
		{"x":80,"y":400,"w":80,"h":100},
		{"x":160,"y":400,"w":80,"h":100},
		{"x":240,"y":400,"w":80,"h":100},
		{"x":320,"y":400,"w":80,"h":100},
		{"x":400,"y":400,"w":80,"h":100},
		{"x":480,"y":400,"w":80,"h":100},
		{"x":560,"y":400,"w":80,"h":100},
		{"x":640,"y":400,"w":80,"h":100},
		{"x":720,"y":400,"w":80,"h":100},
		{"x":800,"y":400,"w":80,"h":100},
		{"x":880,"y":400,"w":80,"h":100},
		
		{"x":0,"y":500,"w":80,"h":100},
		{"x":80,"y":500,"w":80,"h":100},
		{"x":160,"y":500,"w":80,"h":100},
		{"x":240,"y":500,"w":80,"h":100},
		{"x":320,"y":500,"w":80,"h":100},
		{"x":400,"y":500,"w":80,"h":100},
		{"x":480,"y":500,"w":80,"h":100},
		{"x":560,"y":500,"w":80,"h":100},
		{"x":640,"y":500,"w":80,"h":100},
		{"x":720,"y":500,"w":80,"h":100},
		{"x":800,"y":500,"w":80,"h":100},
		{"x":880,"y":500,"w":80,"h":100},

		{"x":960,"y":0,"w":80,"h":100,"filename": "btnTroopType_mech_3.png"},
		{"x":1040,"y":0,"w":80,"h":100},
		{"x":1120,"y":0,"w":80,"h":100},
		{"x":1200,"y":0,"w":80,"h":100},
		{"x":1280,"y":0,"w":80,"h":100},
		{"x":1360,"y":0,"w":80,"h":100},
		{"x":1440,"y":0,"w":80,"h":100},
		{"x":1520,"y":0,"w":80,"h":100},
		{"x":1600,"y":0,"w":80,"h":100},
		{"x":1680,"y":0,"w":80,"h":100},
		{"x":1760,"y":0,"w":80,"h":100},
		{"x":1840,"y":0,"w":80,"h":100},

		{"x":960,"y":100,"w":80,"h":100},
		{"x":1040,"y":100,"w":80,"h":100},
		{"x":1120,"y":100,"w":80,"h":100},
		{"x":1200,"y":100,"w":80,"h":100},
		{"x":1280,"y":100,"w":80,"h":100},
		{"x":1360,"y":100,"w":80,"h":100},
		{"x":1440,"y":100,"w":80,"h":100},
		{"x":1520,"y":100,"w":80,"h":100},
		{"x":1600,"y":100,"w":80,"h":100},
		{"x":1680,"y":100,"w":80,"h":100},
		{"x":1760,"y":100,"w":80,"h":100},
		{"x":1840,"y":100,"w":80,"h":100},

		{"x":960,"y":200,"w":80,"h":100},
		{"x":1040,"y":200,"w":80,"h":100},
		{"x":1120,"y":200,"w":80,"h":100},
		{"x":1200,"y":200,"w":80,"h":100},
		{"x":1280,"y":200,"w":80,"h":100},
		{"x":1360,"y":200,"w":80,"h":100},
		{"x":1440,"y":200,"w":80,"h":100},
		{"x":1520,"y":200,"w":80,"h":100},
		{"x":1600,"y":200,"w":80,"h":100},
		{"x":1680,"y":200,"w":80,"h":100},
		{"x":1760,"y":200,"w":80,"h":100},
		{"x":1840,"y":200,"w":80,"h":100},

		{"x":0,"y":0,"w":80,"h":100,"filename": "btnTroopType_mech_4.png"},
		{"x":80,"y":0,"w":80,"h":100},
		{"x":160,"y":0,"w":80,"h":100},
		{"x":240,"y":0,"w":80,"h":100},
		{"x":320,"y":0,"w":80,"h":100},
		{"x":400,"y":0,"w":80,"h":100},
		{"x":480,"y":0,"w":80,"h":100},
		{"x":560,"y":0,"w":80,"h":100},
		{"x":640,"y":0,"w":80,"h":100},
		{"x":720,"y":0,"w":80,"h":100},
		{"x":800,"y":0,"w":80,"h":100},
		{"x":880,"y":0,"w":80,"h":100},

		{"x":0,"y":100,"w":80,"h":100},
		{"x":80,"y":100,"w":80,"h":100},
		{"x":160,"y":100,"w":80,"h":100},
		{"x":240,"y":100,"w":80,"h":100},
		{"x":320,"y":100,"w":80,"h":100},
		{"x":400,"y":100,"w":80,"h":100},
		{"x":480,"y":100,"w":80,"h":100},
		{"x":560,"y":100,"w":80,"h":100},
		{"x":640,"y":100,"w":80,"h":100},
		{"x":720,"y":100,"w":80,"h":100},
		{"x":800,"y":100,"w":80,"h":100},
		{"x":880,"y":100,"w":80,"h":100},

		{"x":0,"y":200,"w":80,"h":100},
		{"x":80,"y":200,"w":80,"h":100},
		{"x":160,"y":200,"w":80,"h":100},
		{"x":240,"y":200,"w":80,"h":100},
		{"x":320,"y":200,"w":80,"h":100},
		{"x":400,"y":200,"w":80,"h":100},
		{"x":480,"y":200,"w":80,"h":100},
		{"x":560,"y":200,"w":80,"h":100},
		{"x":640,"y":200,"w":80,"h":100},
		{"x":720,"y":200,"w":80,"h":100},
		{"x":800,"y":200,"w":80,"h":100},
		{"x":880,"y":200,"w":80,"h":100},
		
		{"x":400,"y":1534,"w":18,"h":12,"filename": "sprite-font.png"},
		{"x":418,"y":1534,"w":18,"h":12},
		{"x":436,"y":1534,"w":18,"h":12},
		{"x":454,"y":1534,"w":18,"h":12},
		{"x":472,"y":1534,"w":18,"h":12},
		{"x":490,"y":1534,"w":18,"h":12},
		{"x":508,"y":1534,"w":18,"h":12},
		{"x":526,"y":1534,"w":18,"h":12},
		{"x":544,"y":1534,"w":18,"h":12},
		{"x":562,"y":1534,"w":18,"h":12},
		{"x":580,"y":1534,"w":18,"h":12},
		
		{"x":1752,"y":1200,"w":80,"h":100,"filename": "btnTroopType_select.png"},
		
		{"x":0,"y":1584,"w":92,"h":92,"filename": "btnConsole_default_1.png"},
		{"x":92,"y":1584,"w":92,"h":92},
		{"x":184,"y":1584,"w":92,"h":92},

		{"x":276,"y":1584,"w":92,"h":92,"filename": "btnConsole_default_2.png"},
		{"x":368,"y":1584,"w":92,"h":92},
		{"x":460,"y":1584,"w":92,"h":92},
		
		{"x":552,"y":1584,"w":92,"h":92,"filename": "btnConsole_default_3.png"},
		{"x":644,"y":1584,"w":92,"h":92},
		{"x":736,"y":1584,"w":92,"h":92},

		{"x":828,"y":1584,"w":92,"h":92,"filename": "btnConsole_default_4.png"},
		{"x":920,"y":1584,"w":92,"h":92},
		{"x":1012,"y":1584,"w":92,"h":92}
	],

	"sequences" : [
		{
			"name":"consoleUpgradeBtn",
			"cells":[0, 1, 2, 3, 4, 5, 6, 7, 8, 9, 10, 11, 12, 13, 14, 15, 16, 17],
			"loop":false,
			"speed":0.1
		},
		
		{
			"name":"consoleTextMisc",
			"cells":[18, 19, 20, 21, 22, 23],
			"loop":false,
			"speed":0.1
		},
		
		{
			"name":"consoleTextUnit",
			"cells":[24, 25, 26, 27, 28, 29, 30, 31, 32, 33, 34, 35],
			"loop":false,
			"speed":0.1
		},
		
		{
			"name":"consolePortrait1",
			"cells":[36, 37, 38, 39, 40, 41],
			"loop":false,
			"speed":0.1
		},
		
		{
			"name":"consolePortrait2",
			"cells":[42, 43, 44, 45, 46, 47],
			"loop":false,
			"speed":0.1
		},
		
		{
			"name":"consolePortrait3",
			"cells":[48, 49, 50, 51, 52, 53],
			"loop":false,
			"speed":0.1
		},
		
		{
			"name":"consolePortrait4",
			"cells":[54, 55, 56, 57, 58, 59],
			"loop":false,
			"speed":0.1
		},
		
		{
			"name":"troopBarracks_1",
			"cells":[
						60, 61, 62, 63, 64, 65,  66, 67, 68, 69, 70, 71,  
						72, 73, 74, 75, 76, 77,  78, 79, 80, 81, 82, 83,  
						84, 85, 86, 87, 88, 89,  90, 91, 92, 93, 94, 95
					],
			"loop":false,
			"speed":0.1
		},
		
		{
			"name":"troopBarracks_2",
			"cells":[
						96, 97, 98, 99, 100, 101,  102, 103, 104, 105, 106, 107,
						108, 109, 110, 111, 112, 113,  114, 115, 116, 117, 118, 119,
						120, 121, 122, 123, 124, 125,  126, 127, 128, 129, 130, 131
					],
			"loop":false,
			"speed":0.1
		},
		
		{
			"name":"troopBarracks_3",
			"cells":[
						132, 133, 134, 135, 136, 137,  138, 139, 140, 141, 142, 143,
						144, 145, 146, 147, 148, 149,  150, 151, 152, 153, 154, 155,
						156, 157, 158, 159, 160, 161,  162, 163, 164, 165, 166, 167
					],
			"loop":false,
			"speed":0.1
		},
		
		{
			"name":"troopBarracks_4",
			"cells":[
						168, 169, 170, 171, 172, 173,  174, 175, 176, 177, 178, 179,
						180, 181, 182, 183, 184, 185,  186, 187, 188, 189, 190, 191,
						192, 193, 194, 195, 196, 197,  198, 199, 200, 201, 202, 203
					],
			"loop":false,
			"speed":0.1
		},
		
		{
			"name":"consoleNodeTypeBtn_1",
			"cells":[204, 205, 206, 207],
			"loop":false,
			"speed":0.1
		},
		
		{
			"name":"consoleNodeTypeBtn_2",
			"cells":[208, 209, 210, 211],
			"loop":false,
			"speed":0.1
		},
		
		{
			"name":"consoleNodeTypeBtn_3",
			"cells":[212, 213, 214, 215],
			"loop":false,
			"speed":0.1
		},
		
		{
			"name":"consoleNodeTypeBtn_4",
			"cells":[216, 217, 218, 219],
			"loop":false,
			"speed":0.1
		},
		
		{
			"name":"troopMech_1",
			"cells":[
						220, 221, 222, 223, 224, 225,  226, 227, 228, 229, 230, 231,
						232, 233, 234, 235, 236, 237,  238, 239, 240, 241, 242, 243,
						244, 245, 246, 247, 248, 249,  250, 251, 252, 253, 254, 255
					],
			"loop":false,
			"speed":0.1
		},
		
		{
			"name":"troopMech_2",
			"cells":[
						256, 257, 258, 259, 260, 261,  262, 263, 264, 265, 266, 267,
						268, 269, 270, 271, 272, 273,  274, 275, 276, 277, 278, 279,
						280, 281, 282, 283, 284, 285,  286, 287, 288, 289, 290, 291
					],
			"loop":false,
			"speed":0.1
		},
		
		{
			"name":"troopMech_3",
			"cells":[
						292, 293, 294, 295, 296, 297,  298, 299, 300, 301, 302, 303,
						304, 305, 306, 307, 308, 309,  310, 311, 312, 313, 314, 315,
						316, 317, 318, 319, 320, 321,  322, 323, 324, 325, 326, 327
					],
			"loop":false,
			"speed":0.1
		},
		
		{
			"name":"troopMech_4",
			"cells":[
						328, 329, 330, 331, 332, 333,  334, 335, 336, 337, 338, 339,
						340, 341, 342, 343, 344, 345,  346, 347, 348, 349, 350, 351,
						352, 353, 354, 355, 356, 357,  358, 359, 360, 361, 362, 363
					],
			"loop":false,
			"speed":0.1
		},

		{
			"name":"creditNumbers",
			"cells":[364, 365, 366, 367, 368, 369, 370, 371, 372, 373, 374],
			"loop":false,
			"speed":0.1
		},

		{
			"name":"consoleButtonHighlight",
			"cells":[375],
			"loop":false,
			"speed":0.1
		},
		
		{
			"name":"unselectedPortrait1",
			"cells":[376, 377, 378],
			"loop":false,
			"speed":0.1
		},
		
		{
			"name":"unselectedPortrait2",
			"cells":[379, 380, 381],
			"loop":false,
			"speed":0.1
		},
		
		{
			"name":"unselectedPortrait3",
			"cells":[382, 383, 384],
			"loop":false,
			"speed":0.1
		},
		
		{
			"name":"unselectedPortrait4",
			"cells":[385, 386, 387],
			"loop":false,
			"speed":0.1
		}
	]
}