{
	"name":"infantryDeaths",
	"cells": [
		{"x":1200,"y":1350,"w":100,"h":150,"filename": "infBazooka_deaths_1.png"},
		{"x":1300,"y":1350,"w":100,"h":150},
		{"x":1400,"y":1350,"w":100,"h":150},
		{"x":1500,"y":1350,"w":100,"h":150},
		{"x":1600,"y":1350,"w":100,"h":150},
		{"x":1700,"y":1350,"w":100,"h":150},
		
		{"x":1200,"y":1500,"w":100,"h":150},
		{"x":1300,"y":1500,"w":100,"h":150},
		{"x":1400,"y":1500,"w":100,"h":150},
		{"x":1500,"y":1500,"w":100,"h":150},
		{"x":1600,"y":1500,"w":100,"h":150},
		{"x":1700,"y":1500,"w":100,"h":150},
		
		{"x":1200,"y":1650,"w":100,"h":150},
		{"x":1300,"y":1650,"w":100,"h":150},
		{"x":1400,"y":1650,"w":100,"h":150},
		{"x":1500,"y":1650,"w":100,"h":150},
		{"x":1600,"y":1650,"w":100,"h":150},
		{"x":1700,"y":1650,"w":100,"h":150},


		{"x":600,"y":1350,"w":100,"h":150,"filename": "infBazooka_deaths_2.png"},
		{"x":700,"y":1350,"w":100,"h":150},
		{"x":800,"y":1350,"w":100,"h":150},
		{"x":900,"y":1350,"w":100,"h":150},
		{"x":1000,"y":1350,"w":100,"h":150},
		{"x":1100,"y":1350,"w":100,"h":150},
		
		{"x":600,"y":1500,"w":100,"h":150},
		{"x":700,"y":1500,"w":100,"h":150},
		{"x":800,"y":1500,"w":100,"h":150},
		{"x":900,"y":1500,"w":100,"h":150},
		{"x":1000,"y":1500,"w":100,"h":150},
		{"x":1100,"y":1500,"w":100,"h":150},
		
		{"x":600,"y":1650,"w":100,"h":150},
		{"x":700,"y":1650,"w":100,"h":150},
		{"x":800,"y":1650,"w":100,"h":150},
		{"x":900,"y":1650,"w":100,"h":150},
		{"x":1000,"y":1650,"w":100,"h":150},
		{"x":1100,"y":1650,"w":100,"h":150},

		{"x":1200,"y":900,"w":100,"h":150,"filename": "infBazooka_deaths_3.png"},
		{"x":1300,"y":900,"w":100,"h":150},
		{"x":1400,"y":900,"w":100,"h":150},
		{"x":1500,"y":900,"w":100,"h":150},
		{"x":1600,"y":900,"w":100,"h":150},
		{"x":1700,"y":900,"w":100,"h":150},

		{"x":1200,"y":1050,"w":100,"h":150},
		{"x":1300,"y":1050,"w":100,"h":150},
		{"x":1400,"y":1050,"w":100,"h":150},
		{"x":1500,"y":1050,"w":100,"h":150},
		{"x":1600,"y":1050,"w":100,"h":150},
		{"x":1700,"y":1050,"w":100,"h":150},

		{"x":1200,"y":1200,"w":100,"h":150},
		{"x":1300,"y":1200,"w":100,"h":150},
		{"x":1400,"y":1200,"w":100,"h":150},
		{"x":1500,"y":1200,"w":100,"h":150},
		{"x":1600,"y":1200,"w":100,"h":150},
		{"x":1700,"y":1200,"w":100,"h":150},

		{"x":600,"y":900,"w":100,"h":150,"filename": "infBazooka_deaths_4.png"},
		{"x":700,"y":900,"w":100,"h":150},
		{"x":800,"y":900,"w":100,"h":150},
		{"x":900,"y":900,"w":100,"h":150},
		{"x":1000,"y":900,"w":100,"h":150},
		{"x":1100,"y":900,"w":100,"h":150},

		{"x":600,"y":1050,"w":100,"h":150},
		{"x":700,"y":1050,"w":100,"h":150},
		{"x":800,"y":1050,"w":100,"h":150},
		{"x":900,"y":1050,"w":100,"h":150},
		{"x":1000,"y":1050,"w":100,"h":150},
		{"x":1100,"y":1050,"w":100,"h":150},

		{"x":600,"y":1200,"w":100,"h":150},
		{"x":700,"y":1200,"w":100,"h":150},
		{"x":800,"y":1200,"w":100,"h":150},
		{"x":900,"y":1200,"w":100,"h":150},
		{"x":1000,"y":1200,"w":100,"h":150},
		{"x":1100,"y":1200,"w":100,"h":150},

		{"x":1200,"y":450,"w":100,"h":150,"filename": "infFlame_deaths_1.png"},
		{"x":1300,"y":450,"w":100,"h":150},
		{"x":1400,"y":450,"w":100,"h":150},
		{"x":1500,"y":450,"w":100,"h":150},
		{"x":1600,"y":450,"w":100,"h":150},
		{"x":1700,"y":450,"w":100,"h":150},

		{"x":1200,"y":600,"w":100,"h":150},
		{"x":1300,"y":600,"w":100,"h":150},
		{"x":1400,"y":600,"w":100,"h":150},
		{"x":1500,"y":600,"w":100,"h":150},
		{"x":1600,"y":600,"w":100,"h":150},
		{"x":1700,"y":600,"w":100,"h":150},

		{"x":1200,"y":750,"w":100,"h":150},
		{"x":1300,"y":750,"w":100,"h":150},
		{"x":1400,"y":750,"w":100,"h":150},
		{"x":1500,"y":750,"w":100,"h":150},
		{"x":1600,"y":750,"w":100,"h":150},
		{"x":1700,"y":750,"w":100,"h":150},

		{"x":600,"y":450,"w":100,"h":150,"filename": "infFlame_deaths_2.png"},
		{"x":700,"y":450,"w":100,"h":150},
		{"x":800,"y":450,"w":100,"h":150},
		{"x":900,"y":450,"w":100,"h":150},
		{"x":1000,"y":450,"w":100,"h":150},
		{"x":1100,"y":450,"w":100,"h":150},

		{"x":600,"y":600,"w":100,"h":150},
		{"x":700,"y":600,"w":100,"h":150},
		{"x":800,"y":600,"w":100,"h":150},
		{"x":900,"y":600,"w":100,"h":150},
		{"x":1000,"y":600,"w":100,"h":150},
		{"x":1100,"y":600,"w":100,"h":150},

		{"x":600,"y":750,"w":100,"h":150},
		{"x":700,"y":750,"w":100,"h":150},
		{"x":800,"y":750,"w":100,"h":150},
		{"x":900,"y":750,"w":100,"h":150},
		{"x":1000,"y":750,"w":100,"h":150},
		{"x":1100,"y":750,"w":100,"h":150},

		{"x":0,"y":1350,"w":100,"h":150,"filename": "infFlame_deaths_3.png"},
		{"x":100,"y":1350,"w":100,"h":150},
		{"x":200,"y":1350,"w":100,"h":150},
		{"x":300,"y":1350,"w":100,"h":150},
		{"x":400,"y":1350,"w":100,"h":150},
		{"x":500,"y":1350,"w":100,"h":150},

		{"x":0,"y":1500,"w":100,"h":150},
		{"x":100,"y":1500,"w":100,"h":150},
		{"x":200,"y":1500,"w":100,"h":150},
		{"x":300,"y":1500,"w":100,"h":150},
		{"x":400,"y":1500,"w":100,"h":150},
		{"x":500,"y":1500,"w":100,"h":150},

		{"x":0,"y":1650,"w":100,"h":150},
		{"x":100,"y":1650,"w":100,"h":150},
		{"x":200,"y":1650,"w":100,"h":150},
		{"x":300,"y":1650,"w":100,"h":150},
		{"x":400,"y":1650,"w":100,"h":150},
		{"x":500,"y":1650,"w":100,"h":150},
		
		{"x":0,"y":900,"w":100,"h":150,"filename": "infFlame_deaths_4.png"},
		{"x":100,"y":900,"w":100,"h":150},
		{"x":200,"y":900,"w":100,"h":150},
		{"x":300,"y":900,"w":100,"h":150},
		{"x":400,"y":900,"w":100,"h":150},
		{"x":500,"y":900,"w":100,"h":150},
		
		{"x":0,"y":1050,"w":100,"h":150},
		{"x":100,"y":1050,"w":100,"h":150},
		{"x":200,"y":1050,"w":100,"h":150},
		{"x":300,"y":1050,"w":100,"h":150},
		{"x":400,"y":1050,"w":100,"h":150},
		{"x":500,"y":1050,"w":100,"h":150},
		
		{"x":0,"y":1200,"w":100,"h":150},
		{"x":100,"y":1200,"w":100,"h":150},
		{"x":200,"y":1200,"w":100,"h":150},
		{"x":300,"y":1200,"w":100,"h":150},
		{"x":400,"y":1200,"w":100,"h":150},
		{"x":500,"y":1200,"w":100,"h":150},

		{"x":0,"y":450,"w":100,"h":150,"filename": "infRifle_deaths_1.png"},
		{"x":100,"y":450,"w":100,"h":150},
		{"x":200,"y":450,"w":100,"h":150},
		{"x":300,"y":450,"w":100,"h":150},
		{"x":400,"y":450,"w":100,"h":150},
		{"x":500,"y":450,"w":100,"h":150},

		{"x":0,"y":600,"w":100,"h":150},
		{"x":100,"y":600,"w":100,"h":150},
		{"x":200,"y":600,"w":100,"h":150},
		{"x":300,"y":600,"w":100,"h":150},
		{"x":400,"y":600,"w":100,"h":150},
		{"x":500,"y":600,"w":100,"h":150},

		{"x":0,"y":750,"w":100,"h":150},
		{"x":100,"y":750,"w":100,"h":150},
		{"x":200,"y":750,"w":100,"h":150},
		{"x":300,"y":750,"w":100,"h":150},
		{"x":400,"y":750,"w":100,"h":150},
		{"x":500,"y":750,"w":100,"h":150},
		
		{"x":1200,"y":0,"w":100,"h":150,"filename": "infRifle_deaths_2.png"},
		{"x":1300,"y":0,"w":100,"h":150},
		{"x":1400,"y":0,"w":100,"h":150},
		{"x":1500,"y":0,"w":100,"h":150},
		{"x":1600,"y":0,"w":100,"h":150},
		{"x":1700,"y":0,"w":100,"h":150},
		
		{"x":1200,"y":150,"w":100,"h":150},
		{"x":1300,"y":150,"w":100,"h":150},
		{"x":1400,"y":150,"w":100,"h":150},
		{"x":1500,"y":150,"w":100,"h":150},
		{"x":1600,"y":150,"w":100,"h":150},
		{"x":1700,"y":150,"w":100,"h":150},
		
		{"x":1200,"y":300,"w":100,"h":150},
		{"x":1300,"y":300,"w":100,"h":150},
		{"x":1400,"y":300,"w":100,"h":150},
		{"x":1500,"y":300,"w":100,"h":150},
		{"x":1600,"y":300,"w":100,"h":150},
		{"x":1700,"y":300,"w":100,"h":150},
		
		{"x":600,"y":0,"w":100,"h":150,"filename": "infRifle_deaths_3.png"},
		{"x":700,"y":0,"w":100,"h":150},
		{"x":800,"y":0,"w":100,"h":150},
		{"x":900,"y":0,"w":100,"h":150},
		{"x":1000,"y":0,"w":100,"h":150},
		{"x":1100,"y":0,"w":100,"h":150},
		
		{"x":600,"y":150,"w":100,"h":150},
		{"x":700,"y":150,"w":100,"h":150},
		{"x":800,"y":150,"w":100,"h":150},
		{"x":900,"y":150,"w":100,"h":150},
		{"x":1000,"y":150,"w":100,"h":150},
		{"x":1100,"y":150,"w":100,"h":150},
		
		{"x":600,"y":300,"w":100,"h":150},
		{"x":700,"y":300,"w":100,"h":150},
		{"x":800,"y":300,"w":100,"h":150},
		{"x":900,"y":300,"w":100,"h":150},
		{"x":1000,"y":300,"w":100,"h":150},
		{"x":1100,"y":300,"w":100,"h":150},
		
		{"x":0,"y":0,"w":100,"h":150,"filename": "infRifle_deaths_4.png"},
		{"x":100,"y":0,"w":100,"h":150},
		{"x":200,"y":0,"w":100,"h":150},
		{"x":300,"y":0,"w":100,"h":150},
		{"x":400,"y":0,"w":100,"h":150},
		{"x":500,"y":0,"w":100,"h":150},
		
		{"x":0,"y":150,"w":100,"h":150},
		{"x":100,"y":150,"w":100,"h":150},
		{"x":200,"y":150,"w":100,"h":150},
		{"x":300,"y":150,"w":100,"h":150},
		{"x":400,"y":150,"w":100,"h":150},
		{"x":500,"y":150,"w":100,"h":150},
		
		{"x":0,"y":300,"w":100,"h":150},
		{"x":100,"y":300,"w":100,"h":150},
		{"x":200,"y":300,"w":100,"h":150},
		{"x":300,"y":300,"w":100,"h":150},
		{"x":400,"y":300,"w":100,"h":150},
		{"x":500,"y":300,"w":100,"h":150}

	],

	"sequences" : [
		{
			"name":"death_1_bazooka_1",
			"cells":[0, 1, 2, 3, 4, 5],
			"loop":false,
			"speed":0.1
		},
		{
			"name":"death_2_bazooka_1",
			"cells":[6, 7, 8, 9, 10, 11],
			"loop":false,
			"speed":0.1
		},
		{
			"name":"death_3_bazooka_1",
			"cells":[12, 13, 14, 15, 16, 17],
			"loop":false,
			"speed":0.1
		},
		
		{
			"name":"death_1_bazooka_2",
			"cells":[18, 19, 20, 21, 22, 23],
			"loop":false,
			"speed":0.1
		},
		{
			"name":"death_2_bazooka_2",
			"cells":[24, 25, 26, 27, 28, 29],
			"loop":false,
			"speed":0.1
		},
		{
			"name":"death_3_bazooka_2",
			"cells":[30, 31, 32, 33, 34, 35],
			"loop":false,
			"speed":0.1
		},
		
		{
			"name":"death_1_bazooka_3",
			"cells":[36, 37, 38, 39, 40, 41],
			"loop":false,
			"speed":0.1
		},
		{
			"name":"death_2_bazooka_3",
			"cells":[42, 43, 44, 45, 46, 47],
			"loop":false,
			"speed":0.1
		},
		{
			"name":"death_3_bazooka_3",
			"cells":[48, 49, 50, 51, 52, 53],
			"loop":false,
			"speed":0.1
		},
		
		{
			"name":"death_1_bazooka_4",
			"cells":[54, 55, 56, 57, 58, 59],
			"loop":false,
			"speed":0.1
		},
		{
			"name":"death_2_bazooka_4",
			"cells":[60, 61, 62, 63, 64, 65],
			"loop":false,
			"speed":0.1
		},
		{
			"name":"death_3_bazooka_4",
			"cells":[66, 67, 68, 69, 70, 71],
			"loop":false,
			"speed":0.1
		},
		
		{
			"name":"death_1_flamer_1",
			"cells":[72, 73, 74, 75, 76, 77],
			"loop":false,
			"speed":0.1
		},
		{
			"name":"death_2_flamer_1",
			"cells":[78, 79, 80, 81, 82, 83],
			"loop":false,
			"speed":0.1
		},
		{
			"name":"death_3_flamer_1",
			"cells":[84, 85, 86, 87, 88, 89],
			"loop":false,
			"speed":0.1
		},
		
		{
			"name":"death_1_flamer_2",
			"cells":[90, 91, 92, 93, 94, 95],
			"loop":false,
			"speed":0.1
		},
		{
			"name":"death_2_flamer_2",
			"cells":[96, 97, 98, 99, 100, 101],
			"loop":false,
			"speed":0.1
		},
		{
			"name":"death_3_flamer_2",
			"cells":[102, 103, 104, 105, 106, 107],
			"loop":false,
			"speed":0.1
		},
		
		{
			"name":"death_1_flamer_3",
			"cells":[108, 109, 110, 111, 112, 113],
			"loop":false,
			"speed":0.1
		},
		{
			"name":"death_2_flamer_3",
			"cells":[114, 115, 116, 117, 118, 119],
			"loop":false,
			"speed":0.1
		},
		{
			"name":"death_3_flamer_3",
			"cells":[120, 121, 122, 123, 124, 125],
			"loop":false,
			"speed":0.1
		},
		
		{
			"name":"death_1_flamer_4",
			"cells":[126, 127, 128, 129, 130, 131],
			"loop":false,
			"speed":0.1
		},
		{
			"name":"death_2_flamer_4",
			"cells":[132, 133, 134, 135, 136, 137],
			"loop":false,
			"speed":0.1
		},
		{
			"name":"death_3_flamer_4",
			"cells":[138, 139, 140, 141, 142, 143],
			"loop":false,
			"speed":0.1
		},
		
		{
			"name":"death_1_rifleman_1",
			"cells":[144, 145, 146, 147, 148, 149],
			"loop":false,
			"speed":0.1
		},
		{
			"name":"death_2_rifleman_1",
			"cells":[150, 151, 152, 153, 154, 155],
			"loop":false,
			"speed":0.1
		},
		{
			"name":"death_3_rifleman_1",
			"cells":[156, 157, 158, 159, 160, 161],
			"loop":false,
			"speed":0.1
		},
		
		{
			"name":"death_1_rifleman_2",
			"cells":[162, 163, 164, 165, 166, 167],
			"loop":false,
			"speed":0.1
		},
		{
			"name":"death_2_rifleman_2",
			"cells":[168, 169, 170, 171, 172, 173],
			"loop":false,
			"speed":0.1
		},
		{
			"name":"death_3_rifleman_2",
			"cells":[174, 175, 176, 177, 178, 179],
			"loop":false,
			"speed":0.1
		},
		
		{
			"name":"death_1_rifleman_3",
			"cells":[180, 181, 182, 183, 184, 185],
			"loop":false,
			"speed":0.1
		},
		{
			"name":"death_2_rifleman_3",
			"cells":[186, 187, 188, 189, 190, 191],
			"loop":false,
			"speed":0.1
		},
		{
			"name":"death_3_rifleman_3",
			"cells":[192, 193, 194, 195, 196, 197],
			"loop":false,
			"speed":0.1
		},
		
		{
			"name":"death_1_rifleman_4",
			"cells":[198, 199, 200, 201, 202, 203],
			"loop":false,
			"speed":0.1
		},
		{
			"name":"death_2_rifleman_4",
			"cells":[204, 205, 206, 207, 208, 209],
			"loop":false,
			"speed":0.1
		},
		{
			"name":"death_3_rifleman_4",
			"cells":[210, 211, 212, 213, 214, 215],
			"loop":false,
			"speed":0.1
		}
		
	]
}
