{
	"name":"infantry",
	"cells": [
		{"x":1650,"y":0,"w":25,"h":50,"filename":"infBazooka_turret_1", "f":0},
		{"x":1675,"y":0,"w":25,"h":50},
		{"x":1700,"y":0,"w":25,"h":50},
		{"x":1725,"y":0,"w":25,"h":50},
		{"x":1750,"y":0,"w":25,"h":50},
		{"x":1775,"y":0,"w":25,"h":50},
		{"x":1650,"y":50,"w":25,"h":50},
		{"x":1675,"y":50,"w":25,"h":50},
		{"x":1700,"y":50,"w":25,"h":50},
		{"x":1725,"y":50,"w":25,"h":50},
		{"x":1750,"y":50,"w":25,"h":50},
		{"x":1775,"y":50,"w":25,"h":50},
		
		{"x":1650,"y":100,"w":25,"h":50},
		{"x":1675,"y":100,"w":25,"h":50},
		{"x":1700,"y":100,"w":25,"h":50},
		{"x":1725,"y":100,"w":25,"h":50},
		{"x":1750,"y":100,"w":25,"h":50},
		{"x":1775,"y":100,"w":25,"h":50},
		
		{"x":1500,"y":0,"w":25,"h":50,"filename":"infBazooka_turret_2", "f":18},
		{"x":1525,"y":0,"w":25,"h":50},
		{"x":1550,"y":0,"w":25,"h":50},
		{"x":1575,"y":0,"w":25,"h":50},
		{"x":1600,"y":0,"w":25,"h":50},
		{"x":1625,"y":0,"w":25,"h":50},
		{"x":1500,"y":50,"w":25,"h":50},
		{"x":1525,"y":50,"w":25,"h":50},
		{"x":1550,"y":50,"w":25,"h":50},
		{"x":1575,"y":50,"w":25,"h":50},
		{"x":1600,"y":50,"w":25,"h":50},
		{"x":1625,"y":50,"w":25,"h":50},
		
		{"x":1500,"y":100,"w":25,"h":50},
		{"x":1525,"y":100,"w":25,"h":50},
		{"x":1550,"y":100,"w":25,"h":50},
		{"x":1575,"y":100,"w":25,"h":50},
		{"x":1600,"y":100,"w":25,"h":50},
		{"x":1625,"y":100,"w":25,"h":50},

		{"x":1350,"y":0,"w":25,"h":50,"filename":"infBazooka_turret_3", "f":36},
		{"x":1375,"y":0,"w":25,"h":50},
		{"x":1400,"y":0,"w":25,"h":50},
		{"x":1425,"y":0,"w":25,"h":50},
		{"x":1450,"y":0,"w":25,"h":50},
		{"x":1475,"y":0,"w":25,"h":50},
		{"x":1350,"y":50,"w":25,"h":50},
		{"x":1375,"y":50,"w":25,"h":50},
		{"x":1400,"y":50,"w":25,"h":50},
		{"x":1425,"y":50,"w":25,"h":50},
		{"x":1450,"y":50,"w":25,"h":50},
		{"x":1475,"y":50,"w":25,"h":50},
		
		{"x":1350,"y":100,"w":25,"h":50},
		{"x":1375,"y":100,"w":25,"h":50},
		{"x":1400,"y":100,"w":25,"h":50},
		{"x":1425,"y":100,"w":25,"h":50},
		{"x":1450,"y":100,"w":25,"h":50},
		{"x":1475,"y":100,"w":25,"h":50},
		
		{"x":1200,"y":0,"w":25,"h":50,"filename":"infBazooka_turret_4", "f":54},
		{"x":1225,"y":0,"w":25,"h":50},
		{"x":1250,"y":0,"w":25,"h":50},
		{"x":1275,"y":0,"w":25,"h":50},
		{"x":1300,"y":0,"w":25,"h":50},
		{"x":1325,"y":0,"w":25,"h":50},
		
		{"x":1200,"y":50,"w":25,"h":50},
		{"x":1225,"y":50,"w":25,"h":50},
		{"x":1250,"y":50,"w":25,"h":50},
		{"x":1275,"y":50,"w":25,"h":50},
		{"x":1300,"y":50,"w":25,"h":50},
		{"x":1325,"y":50,"w":25,"h":50},
		
		{"x":1200,"y":100,"w":25,"h":50},
		{"x":1225,"y":100,"w":25,"h":50},
		{"x":1250,"y":100,"w":25,"h":50},
		{"x":1275,"y":100,"w":25,"h":50},
		{"x":1300,"y":100,"w":25,"h":50},
		{"x":1325,"y":100,"w":25,"h":50},

		{"x":1050,"y":0,"w":25,"h":50,"filename":"infFlame_turret_1", "f":72},
		{"x":1075,"y":0,"w":25,"h":50},
		{"x":1100,"y":0,"w":25,"h":50},
		{"x":1125,"y":0,"w":25,"h":50},
		{"x":1150,"y":0,"w":25,"h":50},
		{"x":1175,"y":0,"w":25,"h":50},

		{"x":1050,"y":50,"w":25,"h":50},
		{"x":1075,"y":50,"w":25,"h":50},
		{"x":1100,"y":50,"w":25,"h":50},
		{"x":1125,"y":50,"w":25,"h":50},
		{"x":1150,"y":50,"w":25,"h":50},
		{"x":1175,"y":50,"w":25,"h":50},
		
		{"x":1050,"y":100,"w":25,"h":50},
		{"x":1075,"y":100,"w":25,"h":50},
		{"x":1100,"y":100,"w":25,"h":50},
		{"x":1125,"y":100,"w":25,"h":50},
		{"x":1150,"y":100,"w":25,"h":50},
		{"x":1175,"y":100,"w":25,"h":50},

		{"x":900,"y":0,"w":25,"h":50,"filename":"infFlame_turret_2", "f":90},
		{"x":925,"y":0,"w":25,"h":50},
		{"x":950,"y":0,"w":25,"h":50},
		{"x":975,"y":0,"w":25,"h":50},
		{"x":1000,"y":0,"w":25,"h":50},
		{"x":1025,"y":0,"w":25,"h":50},
		
		{"x":900,"y":50,"w":25,"h":50},
		{"x":925,"y":50,"w":25,"h":50},
		{"x":950,"y":50,"w":25,"h":50},
		{"x":975,"y":50,"w":25,"h":50},
		{"x":1000,"y":50,"w":25,"h":50},
		{"x":1025,"y":50,"w":25,"h":50},
		
		{"x":900,"y":100,"w":25,"h":50},
		{"x":925,"y":100,"w":25,"h":50},
		{"x":950,"y":100,"w":25,"h":50},
		{"x":975,"y":100,"w":25,"h":50},
		{"x":1000,"y":100,"w":25,"h":50},
		{"x":1025,"y":100,"w":25,"h":50},

		{"x":750,"y":0,"w":25,"h":50,"filename":"infFlame_turret_3", "f":108},
		{"x":775,"y":0,"w":25,"h":50},
		{"x":800,"y":0,"w":25,"h":50},
		{"x":825,"y":0,"w":25,"h":50},
		{"x":850,"y":0,"w":25,"h":50},
		{"x":875,"y":0,"w":25,"h":50},

		{"x":750,"y":50,"w":25,"h":50},
		{"x":775,"y":50,"w":25,"h":50},
		{"x":800,"y":50,"w":25,"h":50},
		{"x":825,"y":50,"w":25,"h":50},
		{"x":850,"y":50,"w":25,"h":50},
		{"x":875,"y":50,"w":25,"h":50},
		
		{"x":750,"y":100,"w":25,"h":50},
		{"x":775,"y":100,"w":25,"h":50},
		{"x":800,"y":100,"w":25,"h":50},
		{"x":825,"y":100,"w":25,"h":50},
		{"x":850,"y":100,"w":25,"h":50},
		{"x":875,"y":100,"w":25,"h":50},

		{"x":600,"y":0,"w":25,"h":50,"filename":"infFlame_turret_4", "f":126},
		{"x":625,"y":0,"w":25,"h":50},
		{"x":650,"y":0,"w":25,"h":50},
		{"x":675,"y":0,"w":25,"h":50},
		{"x":700,"y":0,"w":25,"h":50},
		{"x":725,"y":0,"w":25,"h":50},
		
		{"x":600,"y":50,"w":25,"h":50},
		{"x":625,"y":50,"w":25,"h":50},
		{"x":650,"y":50,"w":25,"h":50},
		{"x":675,"y":50,"w":25,"h":50},
		{"x":700,"y":50,"w":25,"h":50},
		{"x":725,"y":50,"w":25,"h":50},
		
		{"x":600,"y":100,"w":25,"h":50},
		{"x":625,"y":100,"w":25,"h":50},
		{"x":650,"y":100,"w":25,"h":50},
		{"x":675,"y":100,"w":25,"h":50},
		{"x":700,"y":100,"w":25,"h":50},
		{"x":725,"y":100,"w":25,"h":50},
		
		{"x":1800,"y":90,"w":10,"h":30,"filename": "infRifle_base_1.png", "f":144},
		{"x":1810,"y":90,"w":10,"h":30},
		{"x":1820,"y":90,"w":10,"h":30},
		{"x":1830,"y":90,"w":10,"h":30},
		{"x":1840,"y":90,"w":10,"h":30},
		{"x":1850,"y":90,"w":10,"h":30},
		{"x":1860,"y":90,"w":10,"h":30},
		{"x":1870,"y":90,"w":10,"h":30},
		{"x":1880,"y":90,"w":10,"h":30},
		{"x":1890,"y":90,"w":10,"h":30},
		{"x":1900,"y":90,"w":10,"h":30},
		
		{"x":1800,"y":60,"w":10,"h":30,"filename": "infRifle_base_2.png"},
		{"x":1810,"y":60,"w":10,"h":30},
		{"x":1820,"y":60,"w":10,"h":30},
		{"x":1830,"y":60,"w":10,"h":30},
		{"x":1840,"y":60,"w":10,"h":30},
		{"x":1850,"y":60,"w":10,"h":30},
		{"x":1860,"y":60,"w":10,"h":30},
		{"x":1870,"y":60,"w":10,"h":30},
		{"x":1880,"y":60,"w":10,"h":30},
		{"x":1890,"y":60,"w":10,"h":30},
		{"x":1900,"y":60,"w":10,"h":30},
		
		{"x":1800,"y":30,"w":10,"h":30,"filename": "infRifle_base_3.png"},
		{"x":1810,"y":30,"w":10,"h":30},
		{"x":1820,"y":30,"w":10,"h":30},
		{"x":1830,"y":30,"w":10,"h":30},
		{"x":1840,"y":30,"w":10,"h":30},
		{"x":1850,"y":30,"w":10,"h":30},
		{"x":1860,"y":30,"w":10,"h":30},
		{"x":1870,"y":30,"w":10,"h":30},
		{"x":1880,"y":30,"w":10,"h":30},
		{"x":1890,"y":30,"w":10,"h":30},
		{"x":1900,"y":30,"w":10,"h":30},
		
		{"x":1800,"y":0,"w":10,"h":30,"filename": "infRifle_base_4.png"},
		{"x":1810,"y":0,"w":10,"h":30},
		{"x":1820,"y":0,"w":10,"h":30},
		{"x":1830,"y":0,"w":10,"h":30},
		{"x":1840,"y":0,"w":10,"h":30},
		{"x":1850,"y":0,"w":10,"h":30},
		{"x":1860,"y":0,"w":10,"h":30},
		{"x":1870,"y":0,"w":10,"h":30},
		{"x":1880,"y":0,"w":10,"h":30},
		{"x":1890,"y":0,"w":10,"h":30},
		{"x":1900,"y":0,"w":10,"h":30},

		{"x":450,"y":0,"w":25,"h":50,"filename":"infRifle_turret_1", "f": 188},
		{"x":475,"y":0,"w":25,"h":50},
		{"x":500,"y":0,"w":25,"h":50},
		{"x":525,"y":0,"w":25,"h":50},
		{"x":550,"y":0,"w":25,"h":50},
		{"x":575,"y":0,"w":25,"h":50},
		{"x":450,"y":50,"w":25,"h":50},
		{"x":475,"y":50,"w":25,"h":50},
		{"x":500,"y":50,"w":25,"h":50},
		{"x":525,"y":50,"w":25,"h":50},
		{"x":550,"y":50,"w":25,"h":50},
		{"x":575,"y":50,"w":25,"h":50},
		
		{"x":450,"y":100,"w":25,"h":50},
		{"x":475,"y":100,"w":25,"h":50},
		{"x":500,"y":100,"w":25,"h":50},
		{"x":525,"y":100,"w":25,"h":50},
		{"x":550,"y":100,"w":25,"h":50},
		{"x":575,"y":100,"w":25,"h":50},

		{"x":300,"y":0,"w":25,"h":50,"filename":"infRifle_turret_2"},
		{"x":325,"y":0,"w":25,"h":50},
		{"x":350,"y":0,"w":25,"h":50},
		{"x":375,"y":0,"w":25,"h":50},
		{"x":400,"y":0,"w":25,"h":50},
		{"x":425,"y":0,"w":25,"h":50},
		{"x":300,"y":50,"w":25,"h":50},
		{"x":325,"y":50,"w":25,"h":50},
		{"x":350,"y":50,"w":25,"h":50},
		{"x":375,"y":50,"w":25,"h":50},
		{"x":400,"y":50,"w":25,"h":50},
		{"x":425,"y":50,"w":25,"h":50},
		
		{"x":300,"y":100,"w":25,"h":50},
		{"x":325,"y":100,"w":25,"h":50},
		{"x":350,"y":100,"w":25,"h":50},
		{"x":375,"y":100,"w":25,"h":50},
		{"x":400,"y":100,"w":25,"h":50},
		{"x":425,"y":100,"w":25,"h":50},

		{"x":150,"y":0,"w":25,"h":50,"filename":"infRifle_turret_3"},
		{"x":175,"y":0,"w":25,"h":50},
		{"x":200,"y":0,"w":25,"h":50},
		{"x":225,"y":0,"w":25,"h":50},
		{"x":250,"y":0,"w":25,"h":50},
		{"x":275,"y":0,"w":25,"h":50},
		{"x":150,"y":50,"w":25,"h":50},
		{"x":175,"y":50,"w":25,"h":50},
		{"x":200,"y":50,"w":25,"h":50},
		{"x":225,"y":50,"w":25,"h":50},
		{"x":250,"y":50,"w":25,"h":50},
		{"x":275,"y":50,"w":25,"h":50},
		
		{"x":150,"y":100,"w":25,"h":50},
		{"x":175,"y":100,"w":25,"h":50},
		{"x":200,"y":100,"w":25,"h":50},
		{"x":225,"y":100,"w":25,"h":50},
		{"x":250,"y":100,"w":25,"h":50},
		{"x":275,"y":100,"w":25,"h":50},

		{"x":0,"y":0,"w":25,"h":50,"filename":"infRifle_turret_4"},
		{"x":25,"y":0,"w":25,"h":50},
		{"x":50,"y":0,"w":25,"h":50},
		{"x":75,"y":0,"w":25,"h":50},
		{"x":100,"y":0,"w":25,"h":50},
		{"x":125,"y":0,"w":25,"h":50},
		{"x":0,"y":50,"w":25,"h":50},
		{"x":25,"y":50,"w":25,"h":50},
		{"x":50,"y":50,"w":25,"h":50},
		{"x":75,"y":50,"w":25,"h":50},
		{"x":100,"y":50,"w":25,"h":50},
		{"x":125,"y":50,"w":25,"h":50},
		
		{"x":0,"y":100,"w":25,"h":50},
		{"x":25,"y":100,"w":25,"h":50},
		{"x":50,"y":100,"w":25,"h":50},
		{"x":75,"y":100,"w":25,"h":50},
		{"x":100,"y":100,"w":25,"h":50},
		{"x":125,"y":100,"w":25,"h":50}
	],

	"sequences" : [
		{
			"name":"walk_bazooka_1",
			"cells":[0, 1, 2, 3, 4, 5, 6, 7, 8, 9, 10, 11],
			"loop":true,
			"speed":0.1
		},
		{
			"name":"shoot_bazooka_1",
			"cells":[12, 13, 14, 15, 16, 17],
			"loop":false,
			"speed":0.1
		},

		{
			"name":"walk_bazooka_2",
			"cells":[18, 19, 20, 21, 22, 23, 24, 25, 26, 27, 28, 29],
			"loop":true,
			"speed":0.1
		},
		{
			"name":"shoot_bazooka_2",
			"cells":[30, 31, 32, 33, 34, 35],
			"loop":false,
			"speed":0.1
		},

		{
			"name":"walk_bazooka_3",
			"cells":[36, 37, 38, 39, 40, 41, 42, 43, 44, 45, 46, 47],
			"loop":true,
			"speed":0.1
		},
		{
			"name":"shoot_bazooka_3",
			"cells":[48, 49, 50, 51, 52, 53],
			"loop":false,
			"speed":0.1
		},

		{
			"name":"walk_bazooka_4",
			"cells":[54, 55, 56, 57, 58, 59, 60, 61, 62, 63, 64, 65],
			"loop":true,
			"speed":0.1
		},
		{
			"name":"shoot_bazooka_4",
			"cells":[66, 67, 68, 69, 70, 71],
			"loop":false,
			"speed":0.1
		},

		{
			"name":"walk_flamer_1",
			"cells":[72, 73, 74, 75, 76, 77, 78, 79, 80, 81, 82, 83],
			"loop":true,
			"speed":0.1
		},
		{
			"name":"shoot_flamer_1",
			"cells":[84, 85, 86, 87, 88, 89],
			"loop":false,
			"speed":0.1
		},
		
		{
			"name":"walk_flamer_2",
			"cells":[90, 91, 92, 93, 94, 95, 96, 97, 98, 99, 100, 101],
			"loop":true,
			"speed":0.1
		},
		{
			"name":"shoot_flamer_2",
			"cells":[102, 103, 104, 105, 106, 107],
			"loop":false,
			"speed":0.1
		},
		
		{
			"name":"walk_flamer_3",
			"cells":[108, 109, 110, 111, 112, 113, 114, 115, 116, 117, 118, 119],
			"loop":true,
			"speed":0.1
		},
		{
			"name":"shoot_flamer_3",
			"cells":[120, 121, 122, 123, 124, 125],
			"loop":false,
			"speed":0.1
		},
		
		{
			"name":"walk_flamer_4",
			"cells":[126, 127, 128, 129, 130, 131, 132, 133, 134, 135, 136, 137],
			"loop":true,
			"speed":0.1
		},
		{
			"name":"shoot_flamer_4",
			"cells":[138, 139, 140, 141, 142, 143],
			"loop":false,
			"speed":0.1
		},
		{
			"name":"legs_1",
			"cells":[144, 145, 146, 147, 148, 149, 150, 151, 152, 153, 154],
			"loop":true,
			"speed":0.1
		},
		{
			"name":"legs_2",
			"cells":[155, 156, 157, 158, 159, 160, 161, 162, 163, 164, 165],
			"loop":true,
			"speed":0.1
		},
		{
			"name":"legs_3",
			"cells":[166, 167, 168, 169, 170, 171, 172, 173, 174, 175, 176],
			"loop":true,
			"speed":0.1
		},
		{
			"name":"legs_4",
			"cells":[177, 178, 179, 180, 181, 182, 183, 184, 185, 186, 187],
			"loop":true,
			"speed":0.1
		},

		{
			"name":"walk_rifleman_1",
			"cells":[188, 189, 190, 191, 192, 193, 194, 195, 196, 197, 198, 199],
			"loop":true,
			"speed":0.1
		},
		{
			"name":"shoot_rifleman_1",
			"cells":[200, 201, 202, 203, 204, 205],
			"loop":false,
			"speed":0.1
		},

		{
			"name":"walk_rifleman_2",
			"cells":[206, 207, 208, 209, 210, 211, 212, 213, 214, 215, 216, 217],
			"loop":true,
			"speed":0.1
		},
		{
			"name":"shoot_rifleman_2",
			"cells":[218, 219, 220, 221, 222, 223],
			"loop":false,
			"speed":0.1
		},

		{
			"name":"walk_rifleman_3",
			"cells":[224, 225, 226, 227, 228, 229, 230, 231, 232, 233, 234, 235],
			"loop":true,
			"speed":0.1
		},
		{
			"name":"shoot_rifleman_3",
			"cells":[236, 237, 238, 239, 240, 241],
			"loop":false,
			"speed":0.1
		},

		{
			"name":"walk_rifleman_4",
			"cells":[242, 243, 244, 245, 246, 247, 248, 249, 250, 251, 252, 253],
			"loop":true,
			"speed":0.1
		},
		{
			"name":"shoot_rifleman_4",
			"cells":[254, 255, 256, 257, 258, 259],
			"loop":false,
			"speed":0.1
		}
	]
}
