{
	"name":"vehicleDeaths",
	"cells": [
		{"x":0,"y":1080,"w":170,"h":180,"filename": "vehApc_death_1.png"},
		{"x":170,"y":1080,"w":170,"h":180},
		{"x":340,"y":1080,"w":170,"h":180},
		{"x":510,"y":1080,"w":170,"h":180},
		{"x":680,"y":1080,"w":170,"h":180},
		{"x":850,"y":1080,"w":170,"h":180},

		{"x":0,"y":1260,"w":170,"h":180},
		{"x":170,"y":1260,"w":170,"h":180},
		{"x":340,"y":1260,"w":170,"h":180},
		{"x":510,"y":1260,"w":170,"h":180},
		{"x":680,"y":1260,"w":170,"h":180},
		{"x":850,"y":1260,"w":170,"h":180},
		
		{"x":0,"y":720,"w":170,"h":180,"filename": "vehApc_death_2.png"},
		{"x":170,"y":720,"w":170,"h":180},
		{"x":340,"y":720,"w":170,"h":180},
		{"x":510,"y":720,"w":170,"h":180},
		{"x":680,"y":720,"w":170,"h":180},
		{"x":850,"y":720,"w":170,"h":180},

		{"x":0,"y":900,"w":170,"h":180},
		{"x":170,"y":900,"w":170,"h":180},
		{"x":340,"y":900,"w":170,"h":180},
		{"x":510,"y":900,"w":170,"h":180},
		{"x":680,"y":900,"w":170,"h":180},
		{"x":850,"y":900,"w":170,"h":180},

		{"x":0,"y":360,"w":170,"h":180,"filename": "vehApc_death_3.png"},
		{"x":170,"y":360,"w":170,"h":180},
		{"x":340,"y":360,"w":170,"h":180},
		{"x":510,"y":360,"w":170,"h":180},
		{"x":680,"y":360,"w":170,"h":180},
		{"x":850,"y":360,"w":170,"h":180},

		{"x":0,"y":540,"w":170,"h":180},
		{"x":170,"y":540,"w":170,"h":180},
		{"x":340,"y":540,"w":170,"h":180},
		{"x":510,"y":540,"w":170,"h":180},
		{"x":680,"y":540,"w":170,"h":180},
		{"x":850,"y":540,"w":170,"h":180},

		{"x":0,"y":0,"w":170,"h":180,"filename": "vehApc_death_4.png"},
		{"x":170,"y":0,"w":170,"h":180},
		{"x":340,"y":0,"w":170,"h":180},
		{"x":510,"y":0,"w":170,"h":180},
		{"x":680,"y":0,"w":170,"h":180},
		{"x":850,"y":0,"w":170,"h":180},
		
		{"x":0,"y":180,"w":170,"h":180},
		{"x":170,"y":180,"w":170,"h":180},
		{"x":340,"y":180,"w":170,"h":180},
		{"x":510,"y":180,"w":170,"h":180},
		{"x":680,"y":180,"w":170,"h":180},
		{"x":850,"y":180,"w":170,"h":180},

		
		{"x":1020,"y":900,"w":125,"h":150,"filename": "vehMedTank_death_1.png"},
		{"x":1145,"y":900,"w":125,"h":150},
		{"x":1270,"y":900,"w":125,"h":150},
		{"x":1395,"y":900,"w":125,"h":150},
		{"x":1520,"y":900,"w":125,"h":150},
		{"x":1645,"y":900,"w":125,"h":150},
		
		{"x":1020,"y":1050,"w":125,"h":150},
		{"x":1145,"y":1050,"w":125,"h":150},
		{"x":1270,"y":1050,"w":125,"h":150},
		{"x":1395,"y":1050,"w":125,"h":150},
		{"x":1520,"y":1050,"w":125,"h":150},
		{"x":1645,"y":1050,"w":125,"h":150},

		{"x":1020,"y":600,"w":125,"h":150,"filename": "vehMedTank_death_2.png"},
		{"x":1145,"y":600,"w":125,"h":150},
		{"x":1270,"y":600,"w":125,"h":150},
		{"x":1395,"y":600,"w":125,"h":150},
		{"x":1520,"y":600,"w":125,"h":150},
		{"x":1645,"y":600,"w":125,"h":150},
		
		{"x":1020,"y":750,"w":125,"h":150},
		{"x":1145,"y":750,"w":125,"h":150},
		{"x":1270,"y":750,"w":125,"h":150},
		{"x":1395,"y":750,"w":125,"h":150},
		{"x":1520,"y":750,"w":125,"h":150},
		{"x":1645,"y":750,"w":125,"h":150},

		{"x":1020,"y":300,"w":125,"h":150,"filename": "vehMedTank_death_3.png"},
		{"x":1145,"y":300,"w":125,"h":150},
		{"x":1270,"y":300,"w":125,"h":150},
		{"x":1395,"y":300,"w":125,"h":150},
		{"x":1520,"y":300,"w":125,"h":150},
		{"x":1645,"y":300,"w":125,"h":150},
		
		{"x":1020,"y":450,"w":125,"h":150},
		{"x":1145,"y":450,"w":125,"h":150},
		{"x":1270,"y":450,"w":125,"h":150},
		{"x":1395,"y":450,"w":125,"h":150},
		{"x":1520,"y":450,"w":125,"h":150},
		{"x":1645,"y":450,"w":125,"h":150},

		{"x":1020,"y":0,"w":125,"h":150,"filename": "vehMedTank_death_4.png"},
		{"x":1145,"y":0,"w":125,"h":150},
		{"x":1270,"y":0,"w":125,"h":150},
		{"x":1395,"y":0,"w":125,"h":150},
		{"x":1520,"y":0,"w":125,"h":150},
		{"x":1645,"y":0,"w":125,"h":150},
		
		{"x":1020,"y":150,"w":125,"h":150},
		{"x":1145,"y":150,"w":125,"h":150},
		{"x":1270,"y":150,"w":125,"h":150},
		{"x":1395,"y":150,"w":125,"h":150},
		{"x":1520,"y":150,"w":125,"h":150},
		{"x":1645,"y":150,"w":125,"h":150},

		
		{"x":840,"y":1740,"w":140,"h":150,"filename": "vehSnipTank_death_1.png"},
		{"x":980,"y":1740,"w":140,"h":150},
		{"x":1120,"y":1740,"w":140,"h":150},
		{"x":1260,"y":1740,"w":140,"h":150},
		{"x":1400,"y":1740,"w":140,"h":150},
		{"x":1540,"y":1740,"w":140,"h":150},

		{"x":840,"y":1890,"w":140,"h":150},
		{"x":980,"y":1890,"w":140,"h":150},
		{"x":1120,"y":1890,"w":140,"h":150},
		{"x":1260,"y":1890,"w":140,"h":150},
		{"x":1400,"y":1890,"w":140,"h":150},
		{"x":1540,"y":1890,"w":140,"h":150},

		{"x":840,"y":1440,"w":140,"h":150,"filename": "vehSnipTank_death_2.png"},
		{"x":980,"y":1440,"w":140,"h":150},
		{"x":1120,"y":1440,"w":140,"h":150},
		{"x":1260,"y":1440,"w":140,"h":150},
		{"x":1400,"y":1440,"w":140,"h":150},
		{"x":1540,"y":1440,"w":140,"h":150},

		{"x":840,"y":1590,"w":140,"h":150},
		{"x":980,"y":1590,"w":140,"h":150},
		{"x":1120,"y":1590,"w":140,"h":150},
		{"x":1260,"y":1590,"w":140,"h":150},
		{"x":1400,"y":1590,"w":140,"h":150},
		{"x":1540,"y":1590,"w":140,"h":150},

		{"x":0,"y":1740,"w":140,"h":150,"filename": "vehSnipTank_death_3.png"},
		{"x":140,"y":1740,"w":140,"h":150},
		{"x":280,"y":1740,"w":140,"h":150},
		{"x":420,"y":1740,"w":140,"h":150},
		{"x":560,"y":1740,"w":140,"h":150},
		{"x":700,"y":1740,"w":140,"h":150},

		{"x":0,"y":1890,"w":140,"h":150},
		{"x":140,"y":1890,"w":140,"h":150},
		{"x":280,"y":1890,"w":140,"h":150},
		{"x":420,"y":1890,"w":140,"h":150},
		{"x":560,"y":1890,"w":140,"h":150},
		{"x":700,"y":1890,"w":140,"h":150},

		{"x":0,"y":1440,"w":140,"h":150,"filename": "vehSnipTank_death_4.png"},
		{"x":140,"y":1440,"w":140,"h":150},
		{"x":280,"y":1440,"w":140,"h":150},
		{"x":420,"y":1440,"w":140,"h":150},
		{"x":560,"y":1440,"w":140,"h":150},
		{"x":700,"y":1440,"w":140,"h":150},

		{"x":0,"y":1590,"w":140,"h":150},
		{"x":140,"y":1590,"w":140,"h":150},
		{"x":280,"y":1590,"w":140,"h":150},
		{"x":420,"y":1590,"w":140,"h":150},
		{"x":560,"y":1590,"w":140,"h":150},
		{"x":700,"y":1590,"w":140,"h":150}
	],

	"sequences" : [
		{
			"name":"death_apc_1",
			"cells":[0, 1, 2, 3, 4, 5, 6, 7, 8, 9, 10, 11],
			"loop":false,
			"speed":0.1
		},
		{
			"name":"death_apc_2",
			"cells":[12, 13, 14, 15, 16, 17, 18, 19, 20, 21, 22, 23],
			"loop":false,
			"speed":0.1
		},
		{
			"name":"death_apc_3",
			"cells":[24, 25, 26, 27, 28, 29, 30, 31, 32, 33, 34, 35],
			"loop":false,
			"speed":0.1
		},
		{
			"name":"death_apc_4",
			"cells":[36, 37, 38, 39, 40, 41, 42, 43, 44, 45, 46, 47],
			"loop":false,
			"speed":0.1
		},

		{
			"name":"death_tank_1",
			"cells":[48, 49, 50, 51, 52, 53, 54, 55, 56, 57, 58, 59],
			"loop":false,
			"speed":0.1
		},
		{
			"name":"death_tank_2",
			"cells":[60, 61, 62, 63, 64, 65, 66, 67, 68, 69, 70, 71],
			"loop":false,
			"speed":0.1
		},
		{
			"name":"death_tank_3",
			"cells":[72, 73, 74, 75, 76, 77, 78, 79, 80, 81, 82, 83],
			"loop":false,
			"speed":0.1
		},
		{
			"name":"death_tank_4",
			"cells":[84, 85, 86, 87, 88, 89, 90, 91, 92, 93, 94, 95],
			"loop":false,
			"speed":0.1
		},
		

		{
			"name":"death_sniper_1",
			"cells":[96, 97, 98, 99, 100, 101, 102, 103, 104, 105, 106, 107],
			"loop":false,
			"speed":0.1
		},
		{
			"name":"death_sniper_2",
			"cells":[108, 109, 110, 111, 112, 113, 114, 115, 116, 117, 118, 119],
			"loop":false,
			"speed":0.1
		},
		{
			"name":"death_sniper_3",
			"cells":[120, 121, 122, 123, 124, 125, 126, 127, 128, 129, 130, 131],
			"loop":false,
			"speed":0.1
		},
		{
			"name":"death_sniper_4",
			"cells":[132, 133, 134, 135, 136, 137, 138, 139, 140, 141, 142, 143],
			"loop":false,
			"speed":0.1
		}
	]
}
