{
	"name":"nodeButtons",
	"cells": [
		{"x":1248,"y":945,"w":100,"h":150,"filename": "baseFactoryhalf_1.png"},
		{"x":1348,"y":945,"w":100,"h":150},
		{"x":1448,"y":945,"w":100,"h":150},
		{"x":1548,"y":945,"w":100,"h":150},
		{"x":1648,"y":945,"w":100,"h":150},
		{"x":1748,"y":945,"w":100,"h":150},
		{"x":1848,"y":945,"w":100,"h":150},
		{"x":1948,"y":945,"w":100,"h":150},

		{"x":1248,"y":1095,"w":100,"h":150},
		{"x":1348,"y":1095,"w":100,"h":150},
		{"x":1448,"y":1095,"w":100,"h":150},
		{"x":1548,"y":1095,"w":100,"h":150},
		{"x":1648,"y":1095,"w":100,"h":150},
		{"x":1748,"y":1095,"w":100,"h":150},
		{"x":1848,"y":1095,"w":100,"h":150},
		{"x":1948,"y":1095,"w":100,"h":150},

		{"x":1248,"y":1245,"w":768,"h":266,"filename": "baseUI_1.png"},
		
		{"x":0,"y":1840,"w":34,"h":60,"filename": "btnCannon_1.png"},
		{"x":34,"y":1840,"w":34,"h":60},
		{"x":68,"y":1840,"w":34,"h":60},
		{"x":102,"y":1840,"w":34,"h":60},

		{"x":0,"y":1900,"w":34,"h":60},
		{"x":34,"y":1900,"w":34,"h":60},
		{"x":68,"y":1900,"w":34,"h":60},
		{"x":102,"y":1900,"w":34,"h":60},

		{"x":0,"y":1960,"w":34,"h":60},
		{"x":34,"y":1960,"w":34,"h":60},
		{"x":68,"y":1960,"w":34,"h":60},
		{"x":102,"y":1960,"w":34,"h":60},

		{"x":0,"y":1072,"w":768,"h":128,"filename": "btnConsole_BG_1.png"},
		{"x":0,"y":1200,"w":768,"h":128},
		{"x":0,"y":1328,"w":768,"h":128},
		{"x":0,"y":1456,"w":768,"h":128},
		{"x":0,"y":1584,"w":768,"h":128},
		{"x":0,"y":1712,"w":768,"h":128},

		{"x":768,"y":1642,"w":90,"h":260,"filename": "btnFactory_ARROW_1.png"},
		{"x":858,"y":1642,"w":90,"h":260},
		{"x":948,"y":1642,"w":90,"h":260},
		{"x":1038,"y":1642,"w":90,"h":260},
		{"x":1128,"y":1642,"w":90,"h":260},

		{"x":1120,"y":0,"w":90,"h":270,"filename": "btnFactory_BG_1.png"},
		{"x":1210,"y":0,"w":90,"h":270},
		{"x":1300,"y":0,"w":90,"h":270},
		{"x":1390,"y":0,"w":90,"h":270},
		{"x":1480,"y":0,"w":90,"h":270},
		{"x":1570,"y":0,"w":90,"h":270},
		{"x":1660,"y":0,"w":90,"h":270},
		{"x":1750,"y":0,"w":90,"h":270},
		{"x":1840,"y":0,"w":90,"h":270},
		{"x":1930,"y":0,"w":90,"h":270},

		{"x":1248,"y":1511,"w":75,"h":175,"filename": "gunCannon_MGMode_1.png"},
		{"x":1323,"y":1511,"w":75,"h":175},
		{"x":1398,"y":1511,"w":75,"h":175},
		{"x":1473,"y":1511,"w":75,"h":175},
		{"x":1548,"y":1511,"w":75,"h":175},
		{"x":1623,"y":1511,"w":75,"h":175},

		{"x":1248,"y":1686,"w":75,"h":175},
		{"x":1323,"y":1686,"w":75,"h":175},
		{"x":1398,"y":1686,"w":75,"h":175},
		{"x":1473,"y":1686,"w":75,"h":175},
		{"x":1548,"y":1686,"w":75,"h":175},
		{"x":1623,"y":1686,"w":75,"h":175},

		{"x":1248,"y":1861,"w":75,"h":175},
		{"x":1323,"y":1861,"w":75,"h":175},
		{"x":1398,"y":1861,"w":75,"h":175},
		{"x":1473,"y":1861,"w":75,"h":175},
		{"x":1548,"y":1861,"w":75,"h":175},
		{"x":1623,"y":1861,"w":75,"h":175},

		{"x":1570,"y":270,"w":75,"h":175,"filename": "gunCannon_flareMode_1.png"},
		{"x":1645,"y":270,"w":75,"h":175},
		{"x":1720,"y":270,"w":75,"h":175},
		{"x":1795,"y":270,"w":75,"h":175},
		{"x":1870,"y":270,"w":75,"h":175},
		{"x":1945,"y":270,"w":75,"h":175},

		{"x":1570,"y":445,"w":75,"h":175},
		{"x":1645,"y":445,"w":75,"h":175},
		{"x":1720,"y":445,"w":75,"h":175},
		{"x":1795,"y":445,"w":75,"h":175},
		{"x":1870,"y":445,"w":75,"h":175},
		{"x":1945,"y":445,"w":75,"h":175},

		{"x":1570,"y":620,"w":75,"h":175},
		{"x":1645,"y":620,"w":75,"h":175},
		{"x":1720,"y":620,"w":75,"h":175},
		{"x":1795,"y":620,"w":75,"h":175},
		{"x":1870,"y":620,"w":75,"h":175},
		{"x":1945,"y":620,"w":75,"h":175},

		{"x":1120,"y":270,"w":75,"h":225,"filename": "gunCannon_shellMode_1.png"},
		{"x":1195,"y":270,"w":75,"h":225},
		{"x":1270,"y":270,"w":75,"h":225},
		{"x":1345,"y":270,"w":75,"h":225},
		{"x":1420,"y":270,"w":75,"h":225},
		{"x":1495,"y":270,"w":75,"h":225},

		{"x":1120,"y":495,"w":75,"h":225},
		{"x":1195,"y":495,"w":75,"h":225},
		{"x":1270,"y":495,"w":75,"h":225},
		{"x":1345,"y":495,"w":75,"h":225},
		{"x":1420,"y":495,"w":75,"h":225},
		{"x":1495,"y":495,"w":75,"h":225},

		{"x":1120,"y":720,"w":75,"h":225},
		{"x":1195,"y":720,"w":75,"h":225},
		{"x":1270,"y":720,"w":75,"h":225},
		{"x":1345,"y":720,"w":75,"h":225},
		{"x":1420,"y":720,"w":75,"h":225},
		{"x":1495,"y":720,"w":75,"h":225},
		
		{"x":768,"y":1072,"w":80,"h":190,"filename": "overlayGunCannon_base_1.png"},
		{"x":848,"y":1072,"w":80,"h":190},
		{"x":928,"y":1072,"w":80,"h":190},
		{"x":1008,"y":1072,"w":80,"h":190},
		{"x":1088,"y":1072,"w":80,"h":190},
		{"x":1168,"y":1072,"w":80,"h":190},
		
		{"x":768,"y":1262,"w":80,"h":190},
		{"x":848,"y":1262,"w":80,"h":190},
		{"x":928,"y":1262,"w":80,"h":190},
		{"x":1008,"y":1262,"w":80,"h":190},
		{"x":1088,"y":1262,"w":80,"h":190},
		{"x":1168,"y":1262,"w":80,"h":190},
		
		{"x":768,"y":1452,"w":80,"h":190},
		{"x":848,"y":1452,"w":80,"h":190},
		{"x":928,"y":1452,"w":80,"h":190},
		{"x":1008,"y":1452,"w":80,"h":190},
		
		{"x":0,"y":0,"w":140,"h":134,"filename": "overlayGunCharge_1.png"},
		{"x":140,"y":0,"w":140,"h":134},
		{"x":280,"y":0,"w":140,"h":134},
		{"x":420,"y":0,"w":140,"h":134},
		{"x":560,"y":0,"w":140,"h":134},
		{"x":700,"y":0,"w":140,"h":134},
		{"x":840,"y":0,"w":140,"h":134},
		{"x":980,"y":0,"w":140,"h":134},
		
		{"x":0,"y":134,"w":140,"h":134},
		{"x":140,"y":134,"w":140,"h":134},
		{"x":280,"y":134,"w":140,"h":134},
		{"x":420,"y":134,"w":140,"h":134},
		{"x":560,"y":134,"w":140,"h":134},
		{"x":700,"y":134,"w":140,"h":134},
		{"x":840,"y":134,"w":140,"h":134},
		{"x":980,"y":134,"w":140,"h":134},
		
		{"x":0,"y":268,"w":140,"h":134},
		{"x":140,"y":268,"w":140,"h":134},
		{"x":280,"y":268,"w":140,"h":134},
		{"x":420,"y":268,"w":140,"h":134},
		{"x":560,"y":268,"w":140,"h":134},
		{"x":700,"y":268,"w":140,"h":134},
		{"x":840,"y":268,"w":140,"h":134},
		{"x":980,"y":268,"w":140,"h":134},
		
		{"x":0,"y":402,"w":140,"h":134},
		{"x":140,"y":402,"w":140,"h":134},
		{"x":280,"y":402,"w":140,"h":134},
		{"x":420,"y":402,"w":140,"h":134},
		{"x":560,"y":402,"w":140,"h":134},
		{"x":700,"y":402,"w":140,"h":134},
		{"x":840,"y":402,"w":140,"h":134},
		{"x":980,"y":402,"w":140,"h":134},
		
		{"x":0,"y":536,"w":140,"h":134},
		{"x":140,"y":536,"w":140,"h":134},
		{"x":280,"y":536,"w":140,"h":134},
		{"x":420,"y":536,"w":140,"h":134},
		{"x":560,"y":536,"w":140,"h":134},
		{"x":700,"y":536,"w":140,"h":134},
		{"x":840,"y":536,"w":140,"h":134},
		{"x":980,"y":536,"w":140,"h":134},
		
		{"x":0,"y":670,"w":140,"h":134},
		{"x":140,"y":670,"w":140,"h":134},
		{"x":280,"y":670,"w":140,"h":134},
		{"x":420,"y":670,"w":140,"h":134},
		{"x":560,"y":670,"w":140,"h":134},
		{"x":700,"y":670,"w":140,"h":134},
		{"x":840,"y":670,"w":140,"h":134},
		{"x":980,"y":670,"w":140,"h":134},
		
		{"x":0,"y":804,"w":140,"h":134},
		{"x":140,"y":804,"w":140,"h":134},
		{"x":280,"y":804,"w":140,"h":134},
		{"x":420,"y":804,"w":140,"h":134},
		{"x":560,"y":804,"w":140,"h":134},
		{"x":700,"y":804,"w":140,"h":134},
		{"x":840,"y":804,"w":140,"h":134},
		{"x":980,"y":804,"w":140,"h":134},
		
		{"x":0,"y":938,"w":140,"h":134},
		{"x":140,"y":938,"w":140,"h":134},
		{"x":280,"y":938,"w":140,"h":134},
		{"x":420,"y":938,"w":140,"h":134},
		{"x":560,"y":938,"w":140,"h":134},
		{"x":700,"y":938,"w":140,"h":134},
		{"x":840,"y":938,"w":140,"h":134},
		{"x":980,"y":938,"w":140,"h":134},

		{"x":1698,"y":1511,"w":162,"h":216,"filename": "overlay_CannonActive_1_halfres.png"}
	],

	"sequences" : [
		{
			"name":"fbDoor",
			"cells":[0, 1, 2, 3, 4, 5, 6, 7, 8, 9, 10, 11, 12, 13, 14, 15],
			"loop":false,
			"speed":0.1
		},
		{
			"name":"fbDoorBarrack",
			"cells":[2, 3, 4, 5, 6, 7],
			"loop":false,
			"speed":0.05
		},
		{
			"name":"fbDoorMech",
			"cells":[9, 10, 11, 12, 13, 14],
			"loop":false,
			"speed":0.05
		},
		{
			"name":"fbDoorStatic",
			"cells":[0],
			"loop":false,
			"speed":0.05
		},
		
		{
			"name":"baseUI",
			"cells":[16],
			"loop":false,
			"speed":0.1
		},
		
		{
			"name":"cannonBtn",
			"cells":[17, 18, 19, 20, 21, 22, 23, 24, 25, 26, 27, 28],
			"loop":false,
			"speed":0.1
		},
		
		{
			"name":"consoleBG",
			"cells":[29],
			"loop":false,
			"speed":0.1
		},
		
		{
			"name":"popConsole",
			"cells":[29, 30, 31, 32, 33, 34],
			"loop":false,
			"speed":0.04
		},
		
		{
			"name":"hideConsole",
			"cells":[33, 32, 31, 30, 29],
			"loop":false,
			"speed":0.04
		},
		
		{
			"name":"fbArrow",
			"cells":[35, 36, 37, 38, 39],
			"loop":false,
			"speed":0.1
		},
		
		{
			"name":"fbBase",
			"cells":[40, 41, 42, 43, 44, 45, 46, 47, 48, 49],
			"loop":false,
			"speed":0.1
		},
		
		{
			"name":"fbBaseBlinkDeselected",
			"cells":[44, 42],
			"loop":true,
			"speed":0.7
		},
		
		{
			"name":"fbBaseBlinkSelected",
			"cells":[45, 43],
			"loop":true,
			"speed":0.7
		},
		
		{
			"name":"cannon1",
			"cells":[50, 51, 52, 53, 54, 55, 56, 57, 58, 59, 60, 61, 62, 63, 64, 65, 66, 67],
			"loop":false,
			"speed":0.1
		},
		
		{
			"name":"cannon_warmup_1",
			"cells":[50, 51, 52, 53, 54, 55, 56],
			"loop":false,
			"speed":0.1
		},
		
		{
			"name":"cannon_shoot_1",
			"cells":[61, 60, 59, 58, 57, 56],
			"loop":false,
			"speed":0.1
		},
		
		{
			"name":"cannon_backward_1",
			"cells":[61, 60, 59, 58, 57, 56],
			"loop":false,
			"speed":0.1
		},
		
		{
			"name":"cannon_cooldown_1",
			"cells":[62, 63, 64, 65, 66, 67],
			"loop":false,
			"speed":0.1
		},
		
		{
			"name":"cannon3",
			"cells":[68, 69, 70, 71, 72, 73, 74, 75, 76, 77, 78, 79, 80, 81, 82, 83, 84, 85],
			"loop":false,
			"speed":0.1
		},
		
		{
			"name":"cannon_warmup_3",
			"cells":[68, 69, 70, 71, 72, 73, 74],
			"loop":false,
			"speed":0.1
		},
		
		{
			"name":"cannon_shoot_3",
			"cells":[79, 78, 77, 76, 75, 74],
			"loop":false,
			"speed":0.1
		},
		
		{
			"name":"cannon_backward_3",
			"cells":[79, 78, 77, 76, 75, 74],
			"loop":false,
			"speed":0.1
		},
		
		{
			"name":"cannon_cooldown_3",
			"cells":[80, 81, 82, 83, 84, 85],
			"loop":false,
			"speed":0.1
		},
		
		{
			"name":"cannon2",
			"cells":[86, 87, 88, 89, 90, 91, 92, 93, 94, 95, 96, 97, 98, 99, 100, 101, 102, 103],
			"loop":false,
			"speed":0.1
		},
		
		{
			"name":"cannon_warmup_2",
			"cells":[86, 87, 88, 89, 90, 91, 92],
			"loop":false,
			"speed":0.1
		},
		
		{
			"name":"cannon_shoot_2",
			"cells":[97, 96, 95, 94, 93, 92],
			"loop":false,
			"speed":0.1
		},
		
		{
			"name":"cannon_backward_2",
			"cells":[97, 96, 95, 94, 93, 92],
			"loop":false,
			"speed":0.1
		},
		
		{
			"name":"cannon_cooldown_2",
			"cells":[98, 99, 100, 101, 102, 103],
			"loop":false,
			"speed":0.1
		},
		
		{
			"name":"cannonOverlay",
			"cells":[104, 105, 106, 107, 108, 109, 110, 111, 112, 113, 114, 115, 116, 117, 118, 119],
			"loop":false,
			"speed":0.1
		},
		
		{
			"name":"cannonOverlayInactive",
			"cells":[104, 105],
			"loop":true,
			"speed":1
		},
		
		{
			"name":"cannonOverlayReady",
			"cells":[106, 107],
			"loop":true,
			"speed":1
		},
		
		{
			"name":"cannonCircle",
			"cells":[
				120, 121, 122, 123, 124, 125, 126, 127,
				128, 129, 130, 131, 132, 133, 134, 135,
				136, 137, 138, 139, 140, 141, 142, 143,
				144, 145, 146, 147, 148, 149, 150, 151,
				152, 153, 154, 155, 156, 157, 158, 159,
				160, 161, 162, 163, 164, 165, 166, 167,
				168, 169, 170, 171, 172, 173, 174, 175,
				176, 177, 178, 179, 180, 181, 182, 183
			],
			"loop":false,
			"speed":0.1
		},
		
		{
			"name":"canonOverlay",
			"cells":[184],
			"loop":false,
			"speed":0.1
		}
	]
}