{
	"name":"effects",
	"cells": [
		{"x":1518,"y":903,"w":15,"h":150, "i": "apcStreak3", "f": "0-4"},
		{"x":1533,"y":903,"w":15,"h":150},
		{"x":1548,"y":903,"w":15,"h":150},
		{"x":1563,"y":903,"w":15,"h":150},
		{"x":1578,"y":903,"w":15,"h":150},

		{"x":1618,"y":1018,"w":15,"h":113, "i": "apcStreak2", "f": "5-8"},
		{"x":1633,"y":1018,"w":15,"h":113},
		{"x":1648,"y":1018,"w":15,"h":113},
		{"x":1663,"y":1018,"w":15,"h":113},

		{"x":1700,"y":1446,"w":15,"h":75, "i": "apcStreak1", "f": "9-11"},
		{"x":1715,"y":1446,"w":15,"h":75},
		{"x":1730,"y":1446,"w":15,"h":75},

		{"x":1455,"y":933,"w":17,"h":29, "i": "apcMuzzle", "f": "12-14"},
		{"x":1472,"y":933,"w":17,"h":29},
		{"x":1489,"y":933,"w":17,"h":29},

		{"x":1250,"y":1521,"w":25,"h":15, "i": "apcImpact", "f": "15-18"},
		{"x":1275,"y":1521,"w":25,"h":15},
		{"x":1300,"y":1521,"w":25,"h":15},
		{"x":1325,"y":1521,"w":25,"h":15},

		{"x":750,"y":962,"w":128,"h":128, "i": "bomberImpact", "f": "19-30"},
		{"x":878,"y":962,"w":128,"h":128},
		{"x":1006,"y":962,"w":128,"h":128},
		{"x":1134,"y":962,"w":128,"h":128},
		{"x":1262,"y":962,"w":128,"h":128},
		{"x":1390,"y":962,"w":128,"h":128},
		{"x":750,"y":1090,"w":128,"h":128},
		{"x":878,"y":1090,"w":128,"h":128},
		{"x":1006,"y":1090,"w":128,"h":128},
		{"x":1134,"y":1090,"w":128,"h":128},
		{"x":1262,"y":1090,"w":128,"h":128},
		{"x":1390,"y":1090,"w":128,"h":128},

		{"x":0,"y":256,"w":256,"h":256, "i": "nodeDeath1", "f": "31-37"},
		{"x":256,"y":256,"w":256,"h":256},
		{"x":512,"y":256,"w":256,"h":256},
		{"x":768,"y":256,"w":256,"h":256},
		{"x":1024,"y":256,"w":256,"h":256},
		{"x":1280,"y":256,"w":256,"h":256},
		{"x":1536,"y":256,"w":256,"h":256},

		{"x":0,"y":0,"w":256,"h":256, "i": "nodeDeath2", "f": "38-44"},
		{"x":256,"y":0,"w":256,"h":256},
		{"x":512,"y":0,"w":256,"h":256},
		{"x":768,"y":0,"w":256,"h":256},
		{"x":1024,"y":0,"w":256,"h":256},
		{"x":1280,"y":0,"w":256,"h":256},
		{"x":1536,"y":0,"w":256,"h":256},

		{"x":0,"y":0,"w":256,"h":256, "i": "nodeDeath0", "f": "45-51"},
		{"x":256,"y":0,"w":256,"h":256},
		{"x":512,"y":0,"w":256,"h":256},
		{"x":768,"y":0,"w":256,"h":256},
		{"x":1024,"y":0,"w":256,"h":256},
		{"x":1280,"y":0,"w":256,"h":256},
		{"x":1536,"y":0,"w":256,"h":256},

		{"x":1743,"y":918,"w":10,"h":40, "i": "cannonMGBullet", "f": "52-54"},
		{"x":1753,"y":918,"w":10,"h":40},
		{"x":1763,"y":918,"w":10,"h":40},

		{"x":1350,"y":903,"w":35,"h":58, "i": "cannonMGMuzzle", "f": "55-57"},
		{"x":1385,"y":903,"w":35,"h":58},
		{"x":1420,"y":903,"w":35,"h":58},

		{"x":0,"y":1512,"w":45,"h":30, "i": "cannonMGImpact", "f": "58-61"},
		{"x":45,"y":1512,"w":45,"h":30},
		{"x":90,"y":1512,"w":45,"h":30},
		{"x":135,"y":1512,"w":45,"h":30},

		{"x":180,"y":1512,"w":25,"h":25, "i": "cannonTFShell", "f": "62-66"},
		{"x":205,"y":1512,"w":25,"h":25},
		{"x":230,"y":1512,"w":25,"h":25},
		{"x":255,"y":1512,"w":25,"h":25},
		{"x":280,"y":1512,"w":25,"h":25},

		{"x":1250,"y":1218,"w":128,"h":128, "i": "cannonTFMuzzle", "f": "67-70"},
		{"x":1378,"y":1218,"w":128,"h":128},
		{"x":1506,"y":1218,"w":128,"h":128},
		{"x":1634,"y":1218,"w":128,"h":128},

		{"x":1350,"y":512,"w":128,"h":128, "i": "cannonTFImpact", "f": "71-76"},
		{"x":1478,"y":512,"w":128,"h":128},
		{"x":1606,"y":512,"w":128,"h":128},

		{"x":1350,"y":640,"w":128,"h":128},
		{"x":1478,"y":640,"w":128,"h":128},
		{"x":1606,"y":640,"w":128,"h":128},

		{"x":1455,"y":903,"w":10,"h":30, "i": "cannonSHShell", "f": "77-82"},
		{"x":1465,"y":903,"w":10,"h":30},
		{"x":1475,"y":903,"w":10,"h":30},
		{"x":1485,"y":903,"w":10,"h":30},
		{"x":1495,"y":903,"w":10,"h":30},
		{"x":1505,"y":903,"w":10,"h":30},

		{"x":750,"y":1218,"w":125,"h":325, "i": "cannonSHMuzzle", "f": "83-86"},
		{"x":875,"y":1218,"w":125,"h":325},
		{"x":1000,"y":1218,"w":125,"h":325},
		{"x":1125,"y":1218,"w":125,"h":325},

		{"x":0,"y":1012,"w":250,"h":250, "i": "cannonSHImpact", "f": "87-92"},
		{"x":250,"y":1012,"w":250,"h":250},
		{"x":500,"y":1012,"w":250,"h":250},
		{"x":0,"y":1262,"w":250,"h":250},
		{"x":250,"y":1262,"w":250,"h":250},
		{"x":500,"y":1262,"w":250,"h":250},

		{"x":0,"y":512,"w":250,"h":250, "i": "healBeam", "f": "93-98"},
		{"x":250,"y":512,"w":250,"h":250},
		{"x":500,"y":512,"w":250,"h":250},
		{"x":0,"y":762,"w":250,"h":250},
		{"x":250,"y":762,"w":250,"h":250},
		{"x":500,"y":762,"w":250,"h":250},

		{"x":1518,"y":1166,"w":15,"h":35, "i": "bazookaBullet", "f": "99-103"},
		{"x":1533,"y":1166,"w":15,"h":35},
		{"x":1548,"y":1166,"w":15,"h":35},
		{"x":1563,"y":1166,"w":15,"h":35},
		{"x":1578,"y":1166,"w":15,"h":35},

		{"x":1593,"y":918,"w":50,"h":100, "i": "bazookaMuzzle", "f": "104-06"},
		{"x":1643,"y":918,"w":50,"h":100},
		{"x":1693,"y":918,"w":50,"h":100},

		{"x":305,"y":1512,"w":40,"h":25, "i": "bazookaDirectImpact", "f": "107-8"},
		{"x":345,"y":1512,"w":40,"h":25},

		{"x":1250,"y":1346,"w":100,"h":100, "i": "bazookaImpact", "f": "109-13"},
		{"x":1350,"y":1346,"w":100,"h":100},
		{"x":1450,"y":1346,"w":100,"h":100},
		{"x":1550,"y":1346,"w":100,"h":100},
		{"x":1650,"y":1346,"w":100,"h":100},
		
		{"x":1250,"y":1446,"w":75,"h":75, "i": "flame", "f": "114 - 119"},
		{"x":1325,"y":1446,"w":75,"h":75},
		{"x":1400,"y":1446,"w":75,"h":75},
		{"x":1475,"y":1446,"w":75,"h":75},
		{"x":1550,"y":1446,"w":75,"h":75},
		{"x":1625,"y":1446,"w":75,"h":75},

		{"x":750,"y":512,"w":100,"h":150, "i": "flamerImpact", "f": "120 - 137"},
		{"x":850,"y":512,"w":100,"h":150},
		{"x":950,"y":512,"w":100,"h":150},
		{"x":1050,"y":512,"w":100,"h":150},
		{"x":1150,"y":512,"w":100,"h":150},
		{"x":1250,"y":512,"w":100,"h":150},

		{"x":750,"y":662,"w":100,"h":150},
		{"x":850,"y":662,"w":100,"h":150},
		{"x":950,"y":662,"w":100,"h":150},
		{"x":1050,"y":662,"w":100,"h":150},
		{"x":1150,"y":662,"w":100,"h":150},
		{"x":1250,"y":662,"w":100,"h":150},

		{"x":750,"y":812,"w":100,"h":150},
		{"x":850,"y":812,"w":100,"h":150},
		{"x":950,"y":812,"w":100,"h":150},
		{"x":1050,"y":812,"w":100,"h":150},
		{"x":1150,"y":812,"w":100,"h":150},
		{"x":1250,"y":812,"w":100,"h":150},

		{"x":1518,"y":903,"w":15,"h":150, "i": "riflemanStreak3", "f": "138-142"},
		{"x":1533,"y":903,"w":15,"h":150},
		{"x":1548,"y":903,"w":15,"h":150},
		{"x":1563,"y":903,"w":15,"h":150},
		{"x":1578,"y":903,"w":15,"h":150},

		{"x":1618,"y":1018,"w":15,"h":113, "i": "riflemanStreak2", "f": "143-46"},
		{"x":1633,"y":1018,"w":15,"h":113},
		{"x":1648,"y":1018,"w":15,"h":113},
		{"x":1663,"y":1018,"w":15,"h":113},

		{"x":1700,"y":1446,"w":15,"h":75, "i": "riflemanStreak1", "f": "147-9"},
		{"x":1715,"y":1446,"w":15,"h":75},
		{"x":1730,"y":1446,"w":15,"h":75},

		{"x":1455,"y":933,"w":17,"h":29, "i": "riflemanMuzzle", "f": "150-2"},
		{"x":1472,"y":933,"w":17,"h":29},
		{"x":1489,"y":933,"w":17,"h":29},

		{"x":1250,"y":1521,"w":25,"h":15, "i": "riflemanImpact", "f": "153-6"},
		{"x":1275,"y":1521,"w":25,"h":15},
		{"x":1300,"y":1521,"w":25,"h":15},
		{"x":1325,"y":1521,"w":25,"h":15},

		{"x":1650,"y":768,"w":25,"h":150, "i": "tankStreak3", "f": "157-61"},
		{"x":1675,"y":768,"w":25,"h":150},
		{"x":1700,"y":768,"w":25,"h":150},
		{"x":1725,"y":768,"w":25,"h":150},
		{"x":1750,"y":768,"w":25,"h":150},

		{"x":1518,"y":1053,"w":25,"h":113, "i": "tankStreak2", "f": "162-5"},
		{"x":1543,"y":1053,"w":25,"h":113},
		{"x":1568,"y":1053,"w":25,"h":113},
		{"x":1593,"y":1053,"w":25,"h":113},

		{"x":1678,"y":1018,"w":25,"h":75, "i": "tankStreak1", "f": "166-8"},
		{"x":1703,"y":1018,"w":25,"h":75},
		{"x":1728,"y":1018,"w":25,"h":75},

		{"x":1350,"y":768,"w":100,"h":135, "i": "tankMuzzle", "f": "169-71"},
		{"x":1450,"y":768,"w":100,"h":135},
		{"x":1550,"y":768,"w":100,"h":135},

		{"x":305,"y":1512,"w":40,"h":25, "i": "tankDirectImpact", "f": "172-3"},
		{"x":345,"y":1512,"w":40,"h":25},

		{"x":1250,"y":1346,"w":100,"h":100, "i": "tankImpact", "f": "174-8"},
		{"x":1350,"y":1346,"w":100,"h":100},
		{"x":1450,"y":1346,"w":100,"h":100},
		{"x":1550,"y":1346,"w":100,"h":100},
		{"x":1650,"y":1346,"w":100,"h":100},

		{"x":1734,"y":512,"w":10,"h":50, "i": "sniperBullet", "f": "179-81"},
		{"x":1744,"y":512,"w":10,"h":50},
		{"x":1754,"y":512,"w":10,"h":50},

		{"x":1350,"y":903,"w":35,"h":58, "i": "sniperMuzzle", "f": "182-4"},
		{"x":1385,"y":903,"w":35,"h":58},
		{"x":1420,"y":903,"w":35,"h":58},

		{"x":0,"y":1512,"w":45,"h":30, "i": "sniperImpact", "f": "185-8"},
		{"x":45,"y":1512,"w":45,"h":30},
		{"x":90,"y":1512,"w":45,"h":30},
		{"x":135,"y":1512,"w":45,"h":30}
	],

	"sequences" : [
		{
			"name":"apcStreak3",
			"cells":[0, 1, 2, 3, 4],
			"loop":false,
			"speed":0.1
		},
		{
			"name":"apcStreak2",
			"cells":[5, 6, 7, 8],
			"loop":false,
			"speed":0.1
		},
		{
			"name":"apcStreak1",
			"cells":[9, 10, 11],
			"loop":false,
			"speed":0.1
		},
		{
			"name":"apcMuzzle",
			"cells":[12, 13, 14],
			"loop":false,
			"speed":0.1
		},
		{
			"name":"apcImpact",
			"cells":[15, 16, 17, 18],
			"loop":false,
			"speed":0.1
		},
		{
			"name":"bomberImpact",
			"cells":[19, 20, 21, 22, 23, 24, 25, 26, 27, 28, 29, 30],
			"loop":false,
			"speed":0.1
		},
		{
			"name":"nodeDeath1",
			"cells":[31, 32, 33, 34, 35, 36, 37],
			"loop":false,
			"speed":0.1
		},
		{
			"name":"nodeDeath2",
			"cells":[38, 39, 40, 41, 42, 43, 44],
			"loop":false,
			"speed":0.1
		},
		{
			"name":"nodeDeath0",
			"cells":[45, 46, 47, 48, 49, 50, 51],
			"loop":false,
			"speed":0.1
		},
		{
			"name":"cannonMGBullet",
			"cells":[52, 53, 54],
			"loop":false,
			"speed":0.1
		},
		{
			"name":"cannonMGMuzzle",
			"cells":[55, 56, 57],
			"loop":false,
			"speed":0.1
		},
		{
			"name":"cannonMGImpact",
			"cells":[58, 59, 60, 61],
			"loop":false,
			"speed":0.1
		},
		{
			"name":"cannonTFShell",
			"cells":[62, 63, 64, 65, 66],
			"loop":false,
			"speed":0.1
		},
		{
			"name":"cannonTFMuzzle",
			"cells":[67, 68, 69, 70],
			"loop":false,
			"speed":0.1
		},
		{
			"name":"cannonTFImpact",
			"cells":[71, 72, 73, 74, 75, 76],
			"loop":true,
			"speed":0.1
		},
		{
			"name":"cannonSHShell",
			"cells":[77, 78, 79, 80, 81, 82],
			"loop":false,
			"speed":0.1
		},
		{
			"name":"cannonSHMuzzle",
			"cells":[83, 84, 85, 86],
			"loop":false,
			"speed":0.1
		},
		{
			"name":"cannonSHImpact",
			"cells":[87, 88, 89, 90, 91, 92],
			"loop":false,
			"speed":0.1
		},
		{
			"name":"healBeam",
			"cells":[93, 94, 95, 96, 97, 98],
			"loop":false,
			"speed":0.1
		},
		{
			"name":"bazookaBullet",
			"cells":[99, 100, 101, 102, 103],
			"loop":false,
			"speed":0.1
		},
		{
			"name":"bazookaMuzzle",
			"cells":[104, 105, 106],
			"loop":false,
			"speed":0.1
		},
		{
			"name":"bazookaDirectImpact",
			"cells":[107, 108],
			"loop":false,
			"speed":0.1
		},
		{
			"name":"bazookaImpact",
			"cells":[109, 110, 111, 112, 113],
			"loop":false,
			"speed":0.1
		},
		{
			"name":"flame",
			"cells":[114, 115, 116, 117, 118, 119],
			"loop":false,
			"speed":0.1
		},
		{
			"name":"flamerImpact1",
			"cells":[120, 121, 122, 123, 124, 125],
			"loop":false,
			"speed":0.1
		},
		{
			"name":"flamerImpact2",
			"cells":[126, 127, 128, 129, 130, 131],
			"loop":false,
			"speed":0.1
		},
		{
			"name":"flamerImpact3",
			"cells":[132, 133, 134, 135, 136, 137],
			"loop":false,
			"speed":0.1
		},
		{
			"name":"riflemanStreak3",
			"cells":[138, 139, 140, 141, 142],
			"loop":false,
			"speed":0.1
		},
		{
			"name":"riflemanStreak2",
			"cells":[143, 144, 145, 146],
			"loop":false,
			"speed":0.1
		},
		{
			"name":"riflemanStreak1",
			"cells":[147, 148, 149],
			"loop":false,
			"speed":0.1
		},
		{
			"name":"riflemanMuzzle",
			"cells":[150, 151, 152],
			"loop":false,
			"speed":0.1
		},
		{
			"name":"riflemanImpact",
			"cells":[153, 154, 155, 156],
			"loop":false,
			"speed":0.1
		},
		{
			"name":"tankStreak3",
			"cells":[157, 158, 159, 160, 161],
			"loop":false,
			"speed":0.1
		},
		{
			"name":"tankStreak2",
			"cells":[162, 163, 164, 165],
			"loop":false,
			"speed":0.1
		},
		{
			"name":"tankStreak1",
			"cells":[166, 167, 168],
			"loop":false,
			"speed":0.1
		},
		{
			"name":"tankMuzzle",
			"cells":[169, 170, 171],
			"loop":false,
			"speed":0.1
		},
		{
			"name":"tankDirectImpact",
			"cells":[172, 173],
			"loop":false,
			"speed":0.1
		},
		{
			"name":"tankImpact",
			"cells":[174, 175, 176, 177, 178],
			"loop":false,
			"speed":0.1
		},
		{
			"name":"sniperBullet",
			"cells":[179, 180, 181],
			"loop":false,
			"speed":0.1
		},
		{
			"name":"sniperMuzzle",
			"cells":[182, 183, 184],
			"loop":false,
			"speed":0.1
		},
		{
			"name":"sniperImpact",
			"cells":[185, 186, 187, 188],
			"loop":false,
			"speed":0.1
		}
	]
}
