{
	"name":"vehicles",
	"cells": [
		{"x":1320,"y":825,"w":100,"h":150, "filename": "vehApc_base_1.png"},
		{"x":1420,"y":825,"w":100,"h":150},
		{"x":1520,"y":825,"w":100,"h":150},
		{"x":1620,"y":825,"w":100,"h":150},
		{"x":1720,"y":825,"w":100,"h":150},
		{"x":1820,"y":825,"w":100,"h":150},

		{"x":1320,"y":975,"w":100,"h":150},
		{"x":1420,"y":975,"w":100,"h":150},
		{"x":1520,"y":975,"w":100,"h":150},
		{"x":1620,"y":975,"w":100,"h":150},
		{"x":1720,"y":975,"w":100,"h":150},
		{"x":1820,"y":975,"w":100,"h":150},
		
		{"x":720,"y":825,"w":100,"h":150, "filename": "vehApc_base_2.png"},
		{"x":820,"y":825,"w":100,"h":150},
		{"x":920,"y":825,"w":100,"h":150},
		{"x":1020,"y":825,"w":100,"h":150},
		{"x":1120,"y":825,"w":100,"h":150},
		{"x":1220,"y":825,"w":100,"h":150},

		{"x":720,"y":975,"w":100,"h":150},
		{"x":820,"y":975,"w":100,"h":150},
		{"x":920,"y":975,"w":100,"h":150},
		{"x":1020,"y":975,"w":100,"h":150},
		{"x":1120,"y":975,"w":100,"h":150},
		{"x":1220,"y":975,"w":100,"h":150},
		
		{"x":1260,"y":525,"w":100,"h":150, "filename": "vehApc_base_3.png"},
		{"x":1360,"y":525,"w":100,"h":150},
		{"x":1460,"y":525,"w":100,"h":150},
		{"x":1560,"y":525,"w":100,"h":150},
		{"x":1660,"y":525,"w":100,"h":150},
		{"x":1760,"y":525,"w":100,"h":150},

		{"x":1260,"y":675,"w":100,"h":150},
		{"x":1360,"y":675,"w":100,"h":150},
		{"x":1460,"y":675,"w":100,"h":150},
		{"x":1560,"y":675,"w":100,"h":150},
		{"x":1660,"y":675,"w":100,"h":150},
		{"x":1760,"y":675,"w":100,"h":150},
		
		{"x":660,"y":525,"w":100,"h":150, "filename": "vehApc_base_4.png"},
		{"x":760,"y":525,"w":100,"h":150},
		{"x":860,"y":525,"w":100,"h":150},
		{"x":960,"y":525,"w":100,"h":150},
		{"x":1060,"y":525,"w":100,"h":150},
		{"x":1160,"y":525,"w":100,"h":150},

		{"x":660,"y":675,"w":100,"h":150},
		{"x":760,"y":675,"w":100,"h":150},
		{"x":860,"y":675,"w":100,"h":150},
		{"x":960,"y":675,"w":100,"h":150},
		{"x":1060,"y":675,"w":100,"h":150},
		{"x":1160,"y":675,"w":100,"h":150},

		{"x":1920,"y":525,"w":20,"h":70, "filename": "vehApc_turret_1.png"},
		{"x":1900,"y":525,"w":20,"h":70, "filename": "vehApc_turret_2.png"},
		{"x":1880,"y":525,"w":20,"h":70,"filename": "vehApc_turret_3.png"},
		{"x":1860,"y":525,"w":20,"h":70,"filename": "vehApc_turret_4.png"},
		
		{"x":1260,"y":1425,"w":90,"h":150,"filename": "vehMedTank_base_1.png"},
		{"x":1350,"y":1425,"w":90,"h":150},
		{"x":1440,"y":1425,"w":90,"h":150},
		{"x":1530,"y":1425,"w":90,"h":150},
		{"x":1620,"y":1425,"w":90,"h":150},
		{"x":1710,"y":1425,"w":90,"h":150},

		{"x":1260,"y":1575,"w":90,"h":150},
		{"x":1350,"y":1575,"w":90,"h":150},
		{"x":1440,"y":1575,"w":90,"h":150},
		{"x":1530,"y":1575,"w":90,"h":150},
		{"x":1620,"y":1575,"w":90,"h":150},
		
		{"x":1260,"y":1125,"w":90,"h":150,"filename": "vehMedTank_base_2.png"},
		{"x":1350,"y":1125,"w":90,"h":150},
		{"x":1440,"y":1125,"w":90,"h":150},
		{"x":1530,"y":1125,"w":90,"h":150},
		{"x":1620,"y":1125,"w":90,"h":150},
		{"x":1710,"y":1125,"w":90,"h":150},
		
		{"x":1260,"y":1275,"w":90,"h":150},
		{"x":1350,"y":1275,"w":90,"h":150},
		{"x":1440,"y":1275,"w":90,"h":150},
		{"x":1530,"y":1275,"w":90,"h":150},
		{"x":1620,"y":1275,"w":90,"h":150},
		
		{"x":720,"y":1425,"w":90,"h":150,"filename": "vehMedTank_base_3.png"},
		{"x":810,"y":1425,"w":90,"h":150},
		{"x":900,"y":1425,"w":90,"h":150},
		{"x":990,"y":1425,"w":90,"h":150},
		{"x":1080,"y":1425,"w":90,"h":150},
		{"x":1170,"y":1425,"w":90,"h":150},

		{"x":720,"y":1575,"w":90,"h":150},
		{"x":810,"y":1575,"w":90,"h":150},
		{"x":900,"y":1575,"w":90,"h":150},
		{"x":990,"y":1575,"w":90,"h":150},
		{"x":1080,"y":1575,"w":90,"h":150},

		{"x":720,"y":1125,"w":90,"h":150,"filename": "vehMedTank_base_4.png"},
		{"x":810,"y":1125,"w":90,"h":150},
		{"x":900,"y":1125,"w":90,"h":150},
		{"x":990,"y":1125,"w":90,"h":150},
		{"x":1080,"y":1125,"w":90,"h":150},
		{"x":1170,"y":1125,"w":90,"h":150},
		
		{"x":720,"y":1275,"w":90,"h":150},
		{"x":810,"y":1275,"w":90,"h":150},
		{"x":900,"y":1275,"w":90,"h":150},
		{"x":990,"y":1275,"w":90,"h":150},
		{"x":1080,"y":1275,"w":90,"h":150},
		
		{"x":360,"y":1380,"w":60,"h":110,"filename": "vehMedTank_turret_1.png"},
		{"x":420,"y":1380,"w":60,"h":110},
		{"x":480,"y":1380,"w":60,"h":110},
		{"x":540,"y":1380,"w":60,"h":110},
		{"x":600,"y":1380,"w":60,"h":110},
		{"x":660,"y":1380,"w":60,"h":110},
		
		{"x":360,"y":1490,"w":60,"h":110},
		{"x":420,"y":1490,"w":60,"h":110},
		{"x":480,"y":1490,"w":60,"h":110},
		{"x":540,"y":1490,"w":60,"h":110},
		{"x":600,"y":1490,"w":60,"h":110},
		{"x":660,"y":1490,"w":60,"h":110},
		
		{"x":360,"y":1600,"w":60,"h":110},
		{"x":420,"y":1600,"w":60,"h":110},
		{"x":480,"y":1600,"w":60,"h":110},
		{"x":540,"y":1600,"w":60,"h":110},
		{"x":600,"y":1600,"w":60,"h":110},
		{"x":660,"y":1600,"w":60,"h":110},
		
		{"x":360,"y":1050,"w":60,"h":110,"filename": "vehMedTank_turret_2.png"},
		{"x":420,"y":1050,"w":60,"h":110},
		{"x":480,"y":1050,"w":60,"h":110},
		{"x":540,"y":1050,"w":60,"h":110},
		{"x":600,"y":1050,"w":60,"h":110},
		{"x":660,"y":1050,"w":60,"h":110},

		{"x":360,"y":1160,"w":60,"h":110},
		{"x":420,"y":1160,"w":60,"h":110},
		{"x":480,"y":1160,"w":60,"h":110},
		{"x":540,"y":1160,"w":60,"h":110},
		{"x":600,"y":1160,"w":60,"h":110},
		{"x":660,"y":1160,"w":60,"h":110},

		{"x":360,"y":1270,"w":60,"h":110},
		{"x":420,"y":1270,"w":60,"h":110},
		{"x":480,"y":1270,"w":60,"h":110},
		{"x":540,"y":1270,"w":60,"h":110},
		{"x":600,"y":1270,"w":60,"h":110},
		{"x":660,"y":1270,"w":60,"h":110},
		
		{"x":0,"y":1380,"w":60,"h":110,"filename": "vehMedTank_turret_3.png"},
		{"x":60,"y":1380,"w":60,"h":110},
		{"x":120,"y":1380,"w":60,"h":110},
		{"x":180,"y":1380,"w":60,"h":110},
		{"x":240,"y":1380,"w":60,"h":110},
		{"x":300,"y":1380,"w":60,"h":110},

		{"x":0,"y":1490,"w":60,"h":110},
		{"x":60,"y":1490,"w":60,"h":110},
		{"x":120,"y":1490,"w":60,"h":110},
		{"x":180,"y":1490,"w":60,"h":110},
		{"x":240,"y":1490,"w":60,"h":110},
		{"x":300,"y":1490,"w":60,"h":110},

		{"x":0,"y":1600,"w":60,"h":110},
		{"x":60,"y":1600,"w":60,"h":110},
		{"x":120,"y":1600,"w":60,"h":110},
		{"x":180,"y":1600,"w":60,"h":110},
		{"x":240,"y":1600,"w":60,"h":110},
		{"x":300,"y":1600,"w":60,"h":110},
		
		{"x":0,"y":1050,"w":60,"h":110,"filename": "vehMedTank_turret_4.png"},
		{"x":60,"y":1050,"w":60,"h":110},
		{"x":120,"y":1050,"w":60,"h":110},
		{"x":180,"y":1050,"w":60,"h":110},
		{"x":240,"y":1050,"w":60,"h":110},
		{"x":300,"y":1050,"w":60,"h":110},
		
		{"x":0,"y":1160,"w":60,"h":110},
		{"x":60,"y":1160,"w":60,"h":110},
		{"x":120,"y":1160,"w":60,"h":110},
		{"x":180,"y":1160,"w":60,"h":110},
		{"x":240,"y":1160,"w":60,"h":110},
		{"x":300,"y":1160,"w":60,"h":110},
		
		{"x":0,"y":1270,"w":60,"h":110},
		{"x":60,"y":1270,"w":60,"h":110},
		{"x":120,"y":1270,"w":60,"h":110},
		{"x":180,"y":1270,"w":60,"h":110},
		{"x":240,"y":1270,"w":60,"h":110},
		{"x":300,"y":1270,"w":60,"h":110},
		
		{"x":0,"y":525,"w":110,"h":175,"filename": "vehSnipTank_base_1.png"},
		{"x":110,"y":525,"w":110,"h":175},
		{"x":220,"y":525,"w":110,"h":175},
		{"x":330,"y":525,"w":110,"h":175},
		{"x":440,"y":525,"w":110,"h":175},
		{"x":550,"y":525,"w":110,"h":175},

		{"x":0,"y":700,"w":110,"h":175},
		{"x":110,"y":700,"w":110,"h":175},
		{"x":220,"y":700,"w":110,"h":175},
		{"x":330,"y":700,"w":110,"h":175},
		{"x":440,"y":700,"w":110,"h":175},
		{"x":550,"y":700,"w":110,"h":175},

		{"x":0,"y":875,"w":110,"h":175},
		{"x":110,"y":875,"w":110,"h":175},
		{"x":220,"y":875,"w":110,"h":175},
		{"x":330,"y":875,"w":110,"h":175},
		{"x":440,"y":875,"w":110,"h":175},
		{"x":550,"y":875,"w":110,"h":175},
		
		{"x":1320,"y":0,"w":110,"h":175,"filename": "vehSnipTank_base_2.png"},
		{"x":1430,"y":0,"w":110,"h":175},
		{"x":1540,"y":0,"w":110,"h":175},
		{"x":1650,"y":0,"w":110,"h":175},
		{"x":1760,"y":0,"w":110,"h":175},
		{"x":1870,"y":0,"w":110,"h":175},
		
		{"x":1320,"y":175,"w":110,"h":175},
		{"x":1430,"y":175,"w":110,"h":175},
		{"x":1540,"y":175,"w":110,"h":175},
		{"x":1650,"y":175,"w":110,"h":175},
		{"x":1760,"y":175,"w":110,"h":175},
		{"x":1870,"y":175,"w":110,"h":175},
		
		{"x":1320,"y":350,"w":110,"h":175},
		{"x":1430,"y":350,"w":110,"h":175},
		{"x":1540,"y":350,"w":110,"h":175},
		{"x":1650,"y":350,"w":110,"h":175},
		{"x":1760,"y":350,"w":110,"h":175},
		{"x":1870,"y":350,"w":110,"h":175},

		{"x":660,"y":0,"w":110,"h":175,"filename": "vehSnipTank_base_3.png"},
		{"x":770,"y":0,"w":110,"h":175},
		{"x":880,"y":0,"w":110,"h":175},
		{"x":990,"y":0,"w":110,"h":175},
		{"x":1100,"y":0,"w":110,"h":175},
		{"x":1210,"y":0,"w":110,"h":175},
		
		{"x":660,"y":175,"w":110,"h":175},
		{"x":770,"y":175,"w":110,"h":175},
		{"x":880,"y":175,"w":110,"h":175},
		{"x":990,"y":175,"w":110,"h":175},
		{"x":1100,"y":175,"w":110,"h":175},
		{"x":1210,"y":175,"w":110,"h":175},
		
		{"x":660,"y":350,"w":110,"h":175},
		{"x":770,"y":350,"w":110,"h":175},
		{"x":880,"y":350,"w":110,"h":175},
		{"x":990,"y":350,"w":110,"h":175},
		{"x":1100,"y":350,"w":110,"h":175},
		{"x":1210,"y":350,"w":110,"h":175},

		{"x":0,"y":0,"w":110,"h":175,"filename": "vehSnipTank_base_4.png"},
		{"x":110,"y":0,"w":110,"h":175},
		{"x":220,"y":0,"w":110,"h":175},
		{"x":330,"y":0,"w":110,"h":175},
		{"x":440,"y":0,"w":110,"h":175},
		{"x":550,"y":0,"w":110,"h":175},

		{"x":0,"y":175,"w":110,"h":175},
		{"x":110,"y":175,"w":110,"h":175},
		{"x":220,"y":175,"w":110,"h":175},
		{"x":330,"y":175,"w":110,"h":175},
		{"x":440,"y":175,"w":110,"h":175},
		{"x":550,"y":175,"w":110,"h":175},

		{"x":0,"y":350,"w":110,"h":175},
		{"x":110,"y":350,"w":110,"h":175},
		{"x":220,"y":350,"w":110,"h":175},
		{"x":330,"y":350,"w":110,"h":175},
		{"x":440,"y":350,"w":110,"h":175},
		{"x":550,"y":350,"w":110,"h":175}
	],

	"sequences" : [
		{
			"name":"walk_apc_1",
			"cells":[0, 1, 2, 3, 4, 5],
			"loop":true,
			"speed":0.17
		},
		{
			"name":"drop_apc_1",
			"cells":[6, 7, 8, 9, 10, 11, 0, 0, 0, 0],
			"loop":false,
			"speed":0.2
		},

		{
			"name":"walk_apc_2",
			"cells":[12, 13, 14, 15, 16, 17],
			"loop":true,
			"speed":0.17
		},
		{
			"name":"drop_apc_2",
			"cells":[18, 19, 20, 21, 22, 23, 12, 12, 12, 12],
			"loop":false,
			"speed":0.2
		},

		{
			"name":"walk_apc_3",
			"cells":[24, 25, 26, 27, 28, 29],
			"loop":true,
			"speed":0.17
		},
		{
			"name":"drop_apc_3",
			"cells":[30, 31, 32, 33, 34, 35, 24, 24, 24, 24],
			"loop":false,
			"speed":0.2
		},

		{
			"name":"walk_apc_4",
			"cells":[36, 37, 38, 39, 40, 41],
			"loop":true,
			"speed":0.17
		},
		{
			"name":"drop_apc_4",
			"cells":[42, 43, 44, 45, 46, 47, 36, 36, 36, 36],
			"loop":false,
			"speed":0.2
		},
		{
			"name":"turret_apc_1",
			"cells":[48],
			"loop":false,
			"speed":0.2
		},
		{
			"name":"turret_apc_2",
			"cells":[49],
			"loop":false,
			"speed":0.2
		},
		{
			"name":"turret_apc_3",
			"cells":[50],
			"loop":false,
			"speed":0.2
		},
		{
			"name":"turret_apc_4",
			"cells":[51],
			"loop":false,
			"speed":0.2
		},
		{
			"name":"walk_tank_1",
			"cells":[52, 53, 54, 55, 56, 57, 58, 59, 60, 61, 62],
			"loop":true,
			"speed":0.17
		},
		{
			"name":"walk_tank_2",
			"cells":[63, 64, 65, 66, 67, 68, 69, 70, 71, 72, 73],
			"loop":true,
			"speed":0.17
		},
		{
			"name":"walk_tank_3",
			"cells":[74, 75, 76, 77, 78, 79, 80, 81, 82, 83, 84],
			"loop":true,
			"speed":0.17
		},
		{
			"name":"walk_tank_4",
			"cells":[85, 86, 87, 88, 89, 90, 91, 92, 93, 94, 95],
			"loop":true,
			"speed":0.17
		},
		{
			"name":"turret_walk_tank_1",
			"cells":[96, 97, 98, 99, 100, 101, 102, 103, 104, 105, 106],
			"loop":true,
			"speed":0.17
		},
		{
			"name":"turret_shoot_tank_1",
			"cells":[108, 109, 110, 111, 112, 113],
			"loop":false,
			"speed":0.17
		},
		{
			"name":"turret_walk_tank_2",
			"cells":[114, 115, 116, 117, 118, 119, 120, 121, 122, 123, 124],
			"loop":true,
			"speed":0.17
		},
		{
			"name":"turret_shoot_tank_2",
			"cells":[126, 127, 128, 129, 130, 131],
			"loop":false,
			"speed":0.17
		},
		{
			"name":"turret_walk_tank_3",
			"cells":[132, 133, 134, 135, 136, 137, 138, 139, 140, 141, 142],
			"loop":true,
			"speed":0.17
		},
		{
			"name":"turret_shoot_tank_3",
			"cells":[144, 145, 146, 147, 148, 149],
			"loop":false,
			"speed":0.17
		},
		{
			"name":"turret_walk_tank_4",
			"cells":[150, 151, 152, 153, 154, 155, 156, 157, 158, 159, 160],
			"loop":true,
			"speed":0.17
		},
		{
			"name":"turret_shoot_tank_4",
			"cells":[162, 163, 164, 165, 166, 167],
			"loop":false,
			"speed":0.17
		},
		{
			"name":"digDown_1",
			"cells":[168, 169, 170, 171, 172, 173],
			"loop":false,
			"speed":0.17
		},
		{
			"name":"digUp_1",
			"cells":[174, 175, 176, 177, 178, 179],
			"loop":false,
			"speed":0.17
		},
		{
			"name":"shoot_sniper_1",
			"cells":[180, 181, 182, 183, 184, 185],
			"loop":false,
			"speed":0.17
		},
		{
			"name":"digDown_2",
			"cells":[186, 187, 188, 189, 190, 191],
			"loop":false,
			"speed":0.17
		},
		{
			"name":"digUp_2",
			"cells":[192, 193, 194, 195, 196, 197],
			"loop":false,
			"speed":0.17
		},
		{
			"name":"shoot_sniper_2",
			"cells":[198, 199, 200, 201, 202, 203],
			"loop":false,
			"speed":0.17
		},
		{
			"name":"digDown_3",
			"cells":[204, 205, 206, 207, 208, 209],
			"loop":false,
			"speed":0.17
		},
		{
			"name":"digUp_3",
			"cells":[210, 211, 212, 213, 214, 215],
			"loop":false,
			"speed":0.17
		},
		{
			"name":"shoot_sniper_3",
			"cells":[216, 217, 218, 219, 220, 221],
			"loop":false,
			"speed":0.17
		},
		{
			"name":"digDown_4",
			"cells":[222, 223, 224, 225, 226, 227],
			"loop":false,
			"speed":0.17
		},
		{
			"name":"digUp_4",
			"cells":[228, 229, 230, 231, 232, 233],
			"loop":false,
			"speed":0.17
		},
		{
			"name":"shoot_sniper_4",
			"cells":[234, 235, 236, 237, 238, 239],
			"loop":false,
			"speed":0.17
		}

	]
}
